Fitness Function,Particle Inertia,Personal Confidence,Swarm Confidence,Population Size,Particle Speed Limit,Constraint Handling Method,Final Fitness,Optimum Found After,Iterations
Langermann,0.5,1.0,1.0,1,10,Rejection Method,0.44375580980752943,6,50
Langermann,0.5,1.0,1.0,1,10,Rejection Method,0.06393966829830858,6,50
Langermann,0.5,1.0,1.0,1,10,Rejection Method,8.922999466128477e-05,4,50
Langermann,0.5,1.0,1.0,1,10,Rejection Method,0.42660296686845256,5,50
Langermann,0.5,1.0,1.0,1,10,Rejection Method,0.3388048989985917,7,50
Langermann,0.5,1.0,1.0,1,10,Rejection Method,0.024540853101983607,8,50
Langermann,0.5,1.0,1.0,1,10,Rejection Method,0.009457980830122038,4,50
Langermann,0.5,1.0,1.0,1,10,Rejection Method,0.037523302359995195,6,50
Langermann,0.5,1.0,1.0,1,10,Rejection Method,0.5921108261559248,3,50
Langermann,0.5,1.0,1.0,1,10,Rejection Method,0.5489355279100221,6,50
Langermann,0.5,1.0,1.0,5,10,Rejection Method,0.5822612056342736,19,50
Langermann,0.5,1.0,1.0,5,10,Rejection Method,0.5748934526260888,13,50
Langermann,0.5,1.0,1.0,5,10,Rejection Method,0.9986908402786541,12,50
Langermann,0.5,1.0,1.0,5,10,Rejection Method,0.5822612056342736,9,50
Langermann,0.5,1.0,1.0,5,10,Rejection Method,1.0,13,13
Langermann,0.5,1.0,1.0,5,10,Rejection Method,0.5707889357612703,14,50
Langermann,0.5,1.0,1.0,5,10,Rejection Method,1.0,16,16
Langermann,0.5,1.0,1.0,5,10,Rejection Method,0.9984040610211258,22,50
Langermann,0.5,1.0,1.0,5,10,Rejection Method,0.5822612056342736,11,50
Langermann,0.5,1.0,1.0,5,10,Rejection Method,1.0,36,36
Langermann,0.5,1.0,1.0,5,10,Rejection Method,1.0,12,12
Langermann,0.5,1.0,1.0,5,10,Rejection Method,1.0,47,47
Langermann,0.5,1.0,1.0,5,10,Rejection Method,0.9730296605985419,17,50
Langermann,0.5,1.0,1.0,5,10,Rejection Method,1.0,10,10
Langermann,0.5,1.0,1.0,5,10,Rejection Method,1.0,13,13
Langermann,0.5,1.0,1.0,5,10,Rejection Method,0.45869368529593585,21,50
Langermann,0.5,1.0,1.0,5,10,Rejection Method,1.0,14,14
Langermann,0.5,1.0,1.0,5,10,Rejection Method,1.0,16,16
Langermann,0.5,1.0,1.0,5,10,Rejection Method,1.0,16,16
Langermann,0.5,1.0,1.0,5,10,Rejection Method,0.9986908402786541,6,50
Langermann,0.5,1.0,1.0,10,10,Rejection Method,1.0,10,10
Langermann,0.5,1.0,1.0,10,10,Rejection Method,0.5822612056342736,6,50
Langermann,0.5,1.0,1.0,10,10,Rejection Method,0.5822612056342736,17,50
Langermann,0.5,1.0,1.0,10,10,Rejection Method,1.0,16,16
Langermann,0.5,1.0,1.0,10,10,Rejection Method,1.0,9,9
Langermann,0.5,1.0,1.0,10,10,Rejection Method,1.0,6,6
Langermann,0.5,1.0,1.0,10,10,Rejection Method,1.0,11,11
Langermann,0.5,1.0,1.0,10,10,Rejection Method,1.0,10,10
Langermann,0.5,1.0,1.0,10,10,Rejection Method,1.0,13,13
Langermann,0.5,1.0,1.0,10,10,Rejection Method,0.9790794062577663,50,50
Langermann,0.5,1.0,1.0,10,10,Rejection Method,1.0,24,24
Langermann,0.5,1.0,1.0,10,10,Rejection Method,1.0,13,13
Langermann,0.5,1.0,1.0,10,10,Rejection Method,1.0,6,6
Langermann,0.5,1.0,1.0,10,10,Rejection Method,1.0,11,11
Langermann,0.5,1.0,1.0,10,10,Rejection Method,1.0,11,11
Langermann,0.5,1.0,1.0,10,10,Rejection Method,1.0,20,20
Langermann,0.5,1.0,1.0,10,10,Rejection Method,0.5822612056342736,11,50
Langermann,0.5,1.0,1.0,10,10,Rejection Method,1.0,16,16
Langermann,0.5,1.0,1.0,10,10,Rejection Method,1.0,10,10
Langermann,0.5,1.0,1.0,10,10,Rejection Method,1.0,11,11
Langermann,0.5,1.0,1.0,25,10,Rejection Method,1.0,7,7
Langermann,0.5,1.0,1.0,25,10,Rejection Method,1.0,10,10
Langermann,0.5,1.0,1.0,25,10,Rejection Method,1.0,7,7
Langermann,0.5,1.0,1.0,25,10,Rejection Method,1.0,10,10
Langermann,0.5,1.0,1.0,25,10,Rejection Method,1.0,11,11
Langermann,0.5,1.0,1.0,25,10,Rejection Method,1.0,9,9
Langermann,0.5,1.0,1.0,25,10,Rejection Method,1.0,11,11
Langermann,0.5,1.0,1.0,25,10,Rejection Method,0.5822612056342736,10,50
Langermann,0.5,1.0,1.0,25,10,Rejection Method,1.0,7,7
Langermann,0.5,1.0,1.0,25,10,Rejection Method,0.5822612056342736,9,50
Langermann,0.5,1.0,1.0,25,10,Rejection Method,1.0,8,8
Langermann,0.5,1.0,1.0,25,10,Rejection Method,1.0,10,10
Langermann,0.5,1.0,1.0,25,10,Rejection Method,1.0,10,10
Langermann,0.5,1.0,1.0,25,10,Rejection Method,1.0,12,12
Langermann,0.5,1.0,1.0,25,10,Rejection Method,1.0,7,7
Langermann,0.5,1.0,1.0,25,10,Rejection Method,1.0,5,5
Langermann,0.5,1.0,1.0,25,10,Rejection Method,1.0,7,7
Langermann,0.5,1.0,1.0,25,10,Rejection Method,1.0,4,4
Langermann,0.5,1.0,1.0,25,10,Rejection Method,1.0,9,9
Langermann,0.5,1.0,1.0,25,10,Rejection Method,1.0,8,8
Langermann,0.5,1.0,1.0,50,10,Rejection Method,1.0,1,1
Langermann,0.5,1.0,1.0,50,10,Rejection Method,1.0,5,5
Langermann,0.5,1.0,1.0,50,10,Rejection Method,1.0,6,6
Langermann,0.5,1.0,1.0,50,10,Rejection Method,1.0,8,8
Langermann,0.5,1.0,1.0,50,10,Rejection Method,1.0,4,4
Langermann,0.5,1.0,1.0,50,10,Rejection Method,1.0,6,6
Langermann,0.5,1.0,1.0,50,10,Rejection Method,1.0,8,8
Langermann,0.5,1.0,1.0,50,10,Rejection Method,1.0,6,6
Langermann,0.5,1.0,1.0,50,10,Rejection Method,1.0,6,6
Langermann,0.5,1.0,1.0,50,10,Rejection Method,1.0,9,9
Langermann,0.5,1.0,1.0,50,10,Rejection Method,1.0,4,4
Langermann,0.5,1.0,1.0,50,10,Rejection Method,1.0,9,9
Langermann,0.5,1.0,1.0,50,10,Rejection Method,1.0,6,6
Langermann,0.5,1.0,1.0,50,10,Rejection Method,1.0,4,4
Langermann,0.5,1.0,1.0,50,10,Rejection Method,1.0,7,7
Langermann,0.5,1.0,1.0,50,10,Rejection Method,1.0,5,5
Langermann,0.5,1.0,1.0,50,10,Rejection Method,1.0,8,8
Langermann,0.5,1.0,1.0,50,10,Rejection Method,1.0,5,5
Langermann,0.5,1.0,1.0,50,10,Rejection Method,1.0,5,5
Langermann,0.5,1.0,1.0,50,10,Rejection Method,1.0,9,9
Langermann,0.5,1.0,1.0,75,10,Rejection Method,1.0,6,6
Langermann,0.5,1.0,1.0,75,10,Rejection Method,1.0,6,6
Langermann,0.5,1.0,1.0,75,10,Rejection Method,1.0,6,6
Langermann,0.5,1.0,1.0,75,10,Rejection Method,1.0,9,9
Langermann,0.5,1.0,1.0,75,10,Rejection Method,1.0,6,6
Langermann,0.5,1.0,1.0,75,10,Rejection Method,1.0,10,10
Langermann,0.5,1.0,1.0,75,10,Rejection Method,1.0,3,3
Langermann,0.5,1.0,1.0,75,10,Rejection Method,1.0,7,7
Langermann,0.5,1.0,1.0,75,10,Rejection Method,1.0,5,5
Langermann,0.5,1.0,1.0,75,10,Rejection Method,1.0,8,8
Langermann,0.5,1.0,1.0,75,10,Rejection Method,1.0,8,8
Langermann,0.5,1.0,1.0,75,10,Rejection Method,1.0,8,8
Langermann,0.5,1.0,1.0,75,10,Rejection Method,1.0,4,4
Langermann,0.5,1.0,1.0,75,10,Rejection Method,1.0,8,8
Langermann,0.5,1.0,1.0,75,10,Rejection Method,1.0,6,6
Langermann,0.5,1.0,1.0,75,10,Rejection Method,1.0,8,8
Langermann,0.5,1.0,1.0,75,10,Rejection Method,1.0,7,7
Langermann,0.5,1.0,1.0,75,10,Rejection Method,1.0,5,5
Langermann,0.5,1.0,1.0,75,10,Rejection Method,1.0,6,6
Langermann,0.5,1.0,1.0,75,10,Rejection Method,1.0,6,6
Langermann,0.5,1.0,1.0,100,10,Rejection Method,1.0,6,6
Langermann,0.5,1.0,1.0,100,10,Rejection Method,1.0,9,9
Langermann,0.5,1.0,1.0,100,10,Rejection Method,1.0,6,6
Langermann,0.5,1.0,1.0,100,10,Rejection Method,1.0,6,6
Langermann,0.5,1.0,1.0,100,10,Rejection Method,1.0,7,7
Langermann,0.5,1.0,1.0,100,10,Rejection Method,1.0,6,6
Langermann,0.5,1.0,1.0,100,10,Rejection Method,1.0,6,6
Langermann,0.5,1.0,1.0,100,10,Rejection Method,1.0,7,7
Langermann,0.5,1.0,1.0,100,10,Rejection Method,1.0,7,7
Langermann,0.5,1.0,1.0,100,10,Rejection Method,1.0,7,7
Langermann,0.5,1.0,1.0,100,10,Rejection Method,1.0,5,5
Langermann,0.5,1.0,1.0,100,10,Rejection Method,1.0,5,5
Langermann,0.5,1.0,1.0,100,10,Rejection Method,1.0,10,10
Langermann,0.5,1.0,1.0,100,10,Rejection Method,1.0,5,5
Langermann,0.5,1.0,1.0,100,10,Rejection Method,1.0,6,6
Langermann,0.5,1.0,1.0,100,10,Rejection Method,1.0,5,5
Langermann,0.5,1.0,1.0,100,10,Rejection Method,1.0,8,8
Langermann,0.5,1.0,1.0,100,10,Rejection Method,1.0,9,9
Langermann,0.5,1.0,1.0,100,10,Rejection Method,1.0,6,6
Langermann,0.5,1.0,1.0,100,10,Rejection Method,1.0,5,5
Langermann,0.0,1.0,1.0,25,10,Penalty Method,1.0,38,38
Langermann,0.0,1.0,1.0,25,10,Penalty Method,1.0,11,11
Langermann,0.0,1.0,1.0,25,10,Penalty Method,1.0,11,11
Langermann,0.0,1.0,1.0,25,10,Penalty Method,0.9790794062577663,12,50
Langermann,0.0,1.0,1.0,25,10,Penalty Method,1.0,17,17
Langermann,0.0,1.0,1.0,25,10,Penalty Method,1.0,17,17
Langermann,0.0,1.0,1.0,25,10,Penalty Method,1.0,13,13
Langermann,0.0,1.0,1.0,25,10,Penalty Method,1.0,8,8
Langermann,0.0,1.0,1.0,25,10,Penalty Method,1.0,8,8
Langermann,0.0,1.0,1.0,25,10,Penalty Method,1.0,8,8
Langermann,0.0,1.0,1.0,25,10,Penalty Method,1.0,8,8
Langermann,0.0,1.0,1.0,25,10,Penalty Method,1.0,10,10
Langermann,0.0,1.0,1.0,25,10,Penalty Method,1.0,9,9
Langermann,0.0,1.0,1.0,25,10,Penalty Method,1.0,11,11
Langermann,0.0,1.0,1.0,25,10,Penalty Method,1.0,11,11
Langermann,0.0,1.0,1.0,25,10,Penalty Method,1.0,11,11
Langermann,0.0,1.0,1.0,25,10,Penalty Method,1.0,12,12
Langermann,0.0,1.0,1.0,25,10,Penalty Method,1.0,9,9
Langermann,0.0,1.0,1.0,25,10,Penalty Method,1.0,8,8
Langermann,0.0,1.0,1.0,25,10,Penalty Method,1.0,10,10
Langermann,0.25,1.0,1.0,25,10,Penalty Method,1.0,6,6
Langermann,0.25,1.0,1.0,25,10,Penalty Method,1.0,12,12
Langermann,0.25,1.0,1.0,25,10,Penalty Method,1.0,6,6
Langermann,0.25,1.0,1.0,25,10,Penalty Method,1.0,8,8
Langermann,0.25,1.0,1.0,25,10,Penalty Method,1.0,10,10
Langermann,0.25,1.0,1.0,25,10,Penalty Method,1.0,8,8
Langermann,0.25,1.0,1.0,25,10,Penalty Method,1.0,5,5
Langermann,0.25,1.0,1.0,25,10,Penalty Method,1.0,10,10
Langermann,0.25,1.0,1.0,25,10,Penalty Method,1.0,6,6
Langermann,0.25,1.0,1.0,25,10,Penalty Method,1.0,10,10
Langermann,0.25,1.0,1.0,25,10,Penalty Method,1.0,8,8
Langermann,0.25,1.0,1.0,25,10,Penalty Method,1.0,7,7
Langermann,0.25,1.0,1.0,25,10,Penalty Method,0.5822612056342736,6,50
Langermann,0.25,1.0,1.0,25,10,Penalty Method,1.0,13,13
Langermann,0.25,1.0,1.0,25,10,Penalty Method,1.0,5,5
Langermann,0.25,1.0,1.0,25,10,Penalty Method,1.0,9,9
Langermann,0.25,1.0,1.0,25,10,Penalty Method,1.0,4,4
Langermann,0.25,1.0,1.0,25,10,Penalty Method,1.0,10,10
Langermann,0.25,1.0,1.0,25,10,Penalty Method,1.0,8,8
Langermann,0.25,1.0,1.0,25,10,Penalty Method,1.0,18,18
Langermann,0.5,1.0,1.0,25,10,Penalty Method,1.0,5,5
Langermann,0.5,1.0,1.0,25,10,Penalty Method,1.0,5,5
Langermann,0.5,1.0,1.0,25,10,Penalty Method,1.0,5,5
Langermann,0.5,1.0,1.0,25,10,Penalty Method,1.0,5,5
Langermann,0.5,1.0,1.0,25,10,Penalty Method,1.0,5,5
Langermann,0.5,1.0,1.0,25,10,Penalty Method,1.0,9,9
Langermann,0.5,1.0,1.0,25,10,Penalty Method,0.5822612056342736,6,50
Langermann,0.5,1.0,1.0,25,10,Penalty Method,1.0,8,8
Langermann,0.5,1.0,1.0,25,10,Penalty Method,1.0,3,3
Langermann,0.5,1.0,1.0,25,10,Penalty Method,1.0,12,12
Langermann,0.5,1.0,1.0,25,10,Penalty Method,1.0,7,7
Langermann,0.5,1.0,1.0,25,10,Penalty Method,1.0,4,4
Langermann,0.5,1.0,1.0,25,10,Penalty Method,1.0,7,7
Langermann,0.5,1.0,1.0,25,10,Penalty Method,1.0,11,11
Langermann,0.5,1.0,1.0,25,10,Penalty Method,1.0,8,8
Langermann,0.5,1.0,1.0,25,10,Penalty Method,1.0,9,9
Langermann,0.5,1.0,1.0,25,10,Penalty Method,1.0,7,7
Langermann,0.5,1.0,1.0,25,10,Penalty Method,1.0,11,11
Langermann,0.5,1.0,1.0,25,10,Penalty Method,1.0,5,5
Langermann,0.5,1.0,1.0,25,10,Penalty Method,1.0,9,9
Langermann,0.75,1.0,1.0,25,10,Penalty Method,1.0,15,15
Langermann,0.75,1.0,1.0,25,10,Penalty Method,1.0,13,13
Langermann,0.75,1.0,1.0,25,10,Penalty Method,1.0,12,12
Langermann,0.75,1.0,1.0,25,10,Penalty Method,1.0,14,14
Langermann,0.75,1.0,1.0,25,10,Penalty Method,1.0,15,15
Langermann,0.75,1.0,1.0,25,10,Penalty Method,1.0,8,8
Langermann,0.75,1.0,1.0,25,10,Penalty Method,1.0,8,8
Langermann,0.75,1.0,1.0,25,10,Penalty Method,1.0,13,13
Langermann,0.75,1.0,1.0,25,10,Penalty Method,1.0,16,16
Langermann,0.75,1.0,1.0,25,10,Penalty Method,1.0,13,13
Langermann,0.75,1.0,1.0,25,10,Penalty Method,1.0,13,13
Langermann,0.75,1.0,1.0,25,10,Penalty Method,1.0,14,14
Langermann,0.75,1.0,1.0,25,10,Penalty Method,1.0,11,11
Langermann,0.75,1.0,1.0,25,10,Penalty Method,1.0,11,11
Langermann,0.75,1.0,1.0,25,10,Penalty Method,1.0,15,15
Langermann,0.75,1.0,1.0,25,10,Penalty Method,1.0,8,8
Langermann,0.75,1.0,1.0,25,10,Penalty Method,1.0,15,15
Langermann,0.75,1.0,1.0,25,10,Penalty Method,1.0,13,13
Langermann,0.75,1.0,1.0,25,10,Penalty Method,1.0,13,13
Langermann,0.75,1.0,1.0,25,10,Penalty Method,1.0,4,4
Langermann,0.75,1.0,1.0,25,10,Penalty Method,1.0,14,14
Langermann,0.75,1.0,1.0,25,10,Penalty Method,1.0,18,18
Langermann,0.75,1.0,1.0,25,10,Penalty Method,1.0,20,20
Langermann,0.75,1.0,1.0,25,10,Penalty Method,1.0,13,13
Langermann,1.0,1.0,1.0,25,10,Penalty Method,1.0,11,11
Langermann,1.0,1.0,1.0,25,10,Penalty Method,0.5822612056342736,21,50
Langermann,1.0,1.0,1.0,25,10,Penalty Method,1.0,19,19
Langermann,1.0,1.0,1.0,25,10,Penalty Method,0.5822612056342736,21,50
Langermann,1.0,1.0,1.0,25,10,Penalty Method,1.0,41,41
Langermann,1.0,1.0,1.0,25,10,Penalty Method,1.0,20,20
Langermann,1.0,1.0,1.0,25,10,Penalty Method,1.0,13,13
Langermann,1.0,1.0,1.0,25,10,Penalty Method,1.0,15,15
Langermann,1.0,1.0,1.0,25,10,Penalty Method,1.0,24,24
Langermann,1.0,1.0,1.0,25,10,Penalty Method,1.0,36,36
Langermann,1.0,1.0,1.0,25,10,Penalty Method,1.0,19,19
Langermann,1.0,1.0,1.0,25,10,Penalty Method,1.0,11,11
Langermann,1.0,1.0,1.0,25,10,Penalty Method,1.0,20,20
Langermann,1.0,1.0,1.0,25,10,Penalty Method,1.0,16,16
Langermann,1.0,1.0,1.0,25,10,Penalty Method,1.0,11,11
Langermann,1.0,1.0,1.0,25,10,Penalty Method,1.0,43,43
Langermann,1.0,1.0,1.0,25,10,Penalty Method,1.0,20,20
Langermann,1.0,1.0,1.0,25,10,Penalty Method,1.0,40,40
Langermann,1.0,1.0,1.0,25,10,Penalty Method,1.0,15,15
Langermann,1.0,1.0,1.0,25,10,Penalty Method,1.0,16,16
Langermann,0.5,1.0,1.0,25,1,Penalty Method,0.8895960261599767,29,50
Langermann,0.5,1.0,1.0,25,1,Penalty Method,0.5817980360930156,30,50
Langermann,0.5,1.0,1.0,25,1,Penalty Method,1.0,30,30
Langermann,0.5,1.0,1.0,25,1,Penalty Method,1.0,41,41
Langermann,0.5,1.0,1.0,25,1,Penalty Method,0.9980223799115477,37,50
Langermann,0.5,1.0,1.0,25,1,Penalty Method,1.0,41,41
Langermann,0.5,1.0,1.0,25,1,Penalty Method,0.8535358809397283,25,50
Langermann,0.5,1.0,1.0,25,1,Penalty Method,1.0,44,44
Langermann,0.5,1.0,1.0,25,1,Penalty Method,1.0,33,33
Langermann,0.5,1.0,1.0,25,1,Penalty Method,0.9986908402786541,37,50
Langermann,0.5,1.0,1.0,25,1,Penalty Method,0.9984040610211258,50,50
Langermann,0.5,1.0,1.0,25,1,Penalty Method,0.8703684262373436,50,50
Langermann,0.5,1.0,1.0,25,1,Penalty Method,1.0,47,47
Langermann,0.5,1.0,1.0,25,1,Penalty Method,1.0,48,48
Langermann,0.5,1.0,1.0,25,1,Penalty Method,0.7534217829321753,50,50
Langermann,0.5,1.0,1.0,25,1,Penalty Method,0.9997231276867629,44,50
Langermann,0.5,1.0,1.0,25,1,Penalty Method,0.808120937059089,39,50
Langermann,0.5,1.0,1.0,25,1,Penalty Method,1.0,39,39
Langermann,0.5,1.0,1.0,25,1,Penalty Method,0.999898714386866,37,50
Langermann,0.5,1.0,1.0,25,1,Penalty Method,0.9924533154634729,50,50
Langermann,0.5,1.0,1.0,25,5,Penalty Method,1.0,13,13
Langermann,0.5,1.0,1.0,25,5,Penalty Method,1.0,16,16
Langermann,0.5,1.0,1.0,25,5,Penalty Method,0.5822612056342736,13,50
Langermann,0.5,1.0,1.0,25,5,Penalty Method,1.0,8,8
Langermann,0.5,1.0,1.0,25,5,Penalty Method,1.0,6,6
Langermann,0.5,1.0,1.0,25,5,Penalty Method,1.0,13,13
Langermann,0.5,1.0,1.0,25,5,Penalty Method,1.0,11,11
Langermann,0.5,1.0,1.0,25,5,Penalty Method,1.0,13,13
Langermann,0.5,1.0,1.0,25,5,Penalty Method,1.0,6,6
Langermann,0.5,1.0,1.0,25,5,Penalty Method,1.0,15,15
Langermann,0.5,1.0,1.0,25,5,Penalty Method,0.5822612056342736,9,50
Langermann,0.5,1.0,1.0,25,5,Penalty Method,1.0,7,7
Langermann,0.5,1.0,1.0,25,5,Penalty Method,1.0,10,10
Langermann,0.5,1.0,1.0,25,5,Penalty Method,1.0,14,14
Langermann,0.5,1.0,1.0,25,5,Penalty Method,1.0,12,12
Langermann,0.5,1.0,1.0,25,5,Penalty Method,1.0,14,14
Langermann,0.5,1.0,1.0,25,5,Penalty Method,1.0,8,8
Langermann,0.5,1.0,1.0,25,5,Penalty Method,1.0,9,9
Langermann,0.5,1.0,1.0,25,5,Penalty Method,1.0,11,11
Langermann,0.5,1.0,1.0,25,5,Penalty Method,1.0,10,10
Langermann,0.5,1.0,1.0,25,15,Penalty Method,1.0,9,9
Langermann,0.5,1.0,1.0,25,15,Penalty Method,1.0,9,9
Langermann,0.5,1.0,1.0,25,15,Penalty Method,1.0,8,8
Langermann,0.5,1.0,1.0,25,15,Penalty Method,1.0,5,5
Langermann,0.5,1.0,1.0,25,15,Penalty Method,1.0,9,9
Langermann,0.5,1.0,1.0,25,15,Penalty Method,1.0,10,10
Langermann,0.5,1.0,1.0,25,15,Penalty Method,1.0,4,4
Langermann,0.5,1.0,1.0,25,15,Penalty Method,1.0,8,8
Langermann,0.5,1.0,1.0,25,15,Penalty Method,1.0,6,6
Langermann,0.5,1.0,1.0,25,15,Penalty Method,1.0,7,7
Langermann,0.5,1.0,1.0,25,15,Penalty Method,1.0,11,11
Langermann,0.5,1.0,1.0,25,15,Penalty Method,1.0,8,8
Langermann,0.5,1.0,1.0,25,15,Penalty Method,1.0,9,9
Langermann,0.5,1.0,1.0,25,15,Penalty Method,1.0,6,6
Langermann,0.5,1.0,1.0,25,15,Penalty Method,1.0,9,9
Langermann,0.5,1.0,1.0,25,15,Penalty Method,1.0,10,10
Langermann,0.5,1.0,1.0,25,15,Penalty Method,1.0,10,10
Langermann,0.5,1.0,1.0,25,15,Penalty Method,1.0,12,12
Langermann,0.5,1.0,1.0,25,15,Penalty Method,1.0,9,9
Langermann,0.5,1.0,1.0,25,15,Penalty Method,1.0,7,7
Langermann,0.5,1.0,1.0,25,15,Penalty Method,1.0,12,12
Langermann,0.5,1.0,1.0,25,20,Penalty Method,1.0,8,8
Langermann,0.5,1.0,1.0,25,20,Penalty Method,1.0,9,9
Langermann,0.5,1.0,1.0,25,20,Penalty Method,1.0,7,7
Langermann,0.5,1.0,1.0,25,20,Penalty Method,1.0,7,7
Langermann,0.5,1.0,1.0,25,20,Penalty Method,1.0,9,9
Langermann,0.5,1.0,1.0,25,20,Penalty Method,1.0,6,6
Langermann,0.5,1.0,1.0,25,20,Penalty Method,1.0,4,4
Langermann,0.5,1.0,1.0,25,20,Penalty Method,1.0,6,6
Langermann,0.5,1.0,1.0,25,20,Penalty Method,1.0,8,8
Langermann,0.5,1.0,1.0,25,20,Penalty Method,1.0,10,10
Langermann,0.5,1.0,1.0,25,20,Penalty Method,1.0,8,8
Langermann,0.5,1.0,1.0,25,20,Penalty Method,1.0,10,10
Langermann,0.5,1.0,1.0,25,20,Penalty Method,1.0,9,9
Langermann,0.5,1.0,1.0,25,20,Penalty Method,1.0,14,14
Langermann,0.5,1.0,1.0,25,20,Penalty Method,1.0,9,9
Langermann,0.5,1.0,1.0,25,20,Penalty Method,1.0,7,7
Langermann,0.5,1.0,1.0,25,20,Penalty Method,1.0,8,8
Langermann,0.5,1.0,1.0,25,20,Penalty Method,1.0,6,6
Langermann,0.5,1.0,1.0,25,20,Penalty Method,1.0,8,8
Schaffer,0.5,1.0,1.0,1,10,Rejection Method,0.5640724502606526,5,50
Schaffer,0.5,1.0,1.0,1,10,Rejection Method,0.6060419403162854,6,50
Schaffer,0.5,1.0,1.0,1,10,Rejection Method,0.5588483103137829,8,50
Schaffer,0.5,1.0,1.0,1,10,Rejection Method,0.5527345640954198,3,50
Schaffer,0.5,1.0,1.0,1,10,Rejection Method,0.5547280358167209,8,50
Schaffer,0.5,1.0,1.0,1,10,Rejection Method,0.5765066997925776,3,50
Schaffer,0.5,1.0,1.0,1,10,Rejection Method,0.6897599553980693,5,50
Schaffer,0.5,1.0,1.0,1,10,Rejection Method,0.5659452020609719,5,50
Schaffer,0.5,1.0,1.0,1,10,Rejection Method,0.5565567787157126,5,50
Schaffer,0.5,1.0,1.0,1,10,Rejection Method,0.556825345718722,6,50
Schaffer,0.5,1.0,1.0,1,10,Rejection Method,0.5569719605875388,1,50
Schaffer,0.5,1.0,1.0,1,10,Rejection Method,0.5619783803125851,10,50
Schaffer,0.5,1.0,1.0,1,10,Rejection Method,0.5735977931562023,4,50
Schaffer,0.5,1.0,1.0,1,10,Rejection Method,0.5556095047899506,1,50
Schaffer,0.5,1.0,1.0,1,10,Rejection Method,0.5578546175371133,1,50
Schaffer,0.5,1.0,1.0,1,10,Rejection Method,0.5926556514626823,2,50
Schaffer,0.5,1.0,1.0,1,10,Rejection Method,0.5807151079316457,2,50
Schaffer,0.5,1.0,1.0,1,10,Rejection Method,0.5577974507698693,5,50
Schaffer,0.5,1.0,1.0,1,10,Rejection Method,0.5619774594817073,1,50
Schaffer,0.5,1.0,1.0,5,10,Rejection Method,0.5768214773639057,21,50
Schaffer,0.5,1.0,1.0,5,10,Rejection Method,0.6346436465561435,21,50
Schaffer,0.5,1.0,1.0,5,10,Rejection Method,0.7893461468956237,10,50
Schaffer,0.5,1.0,1.0,5,10,Rejection Method,1.0,20,20
Schaffer,0.5,1.0,1.0,5,10,Rejection Method,0.5597144713170483,42,50
Schaffer,0.5,1.0,1.0,5,10,Rejection Method,0.5768214773639057,38,50
Schaffer,0.5,1.0,1.0,5,10,Rejection Method,0.566947071415673,44,50
Schaffer,0.5,1.0,1.0,5,10,Rejection Method,0.5797147426336833,27,50
Schaffer,0.5,1.0,1.0,5,10,Rejection Method,0.5674328278581615,7,50
Schaffer,0.5,1.0,1.0,5,10,Rejection Method,1.0,20,20
Schaffer,0.5,1.0,1.0,5,10,Rejection Method,0.5954330200779493,24,50
Schaffer,0.5,1.0,1.0,5,10,Rejection Method,0.8732565827981628,14,50
Schaffer,0.5,1.0,1.0,5,10,Rejection Method,0.5894354411730988,28,50
Schaffer,0.5,1.0,1.0,5,10,Rejection Method,1.0,20,20
Schaffer,0.5,1.0,1.0,5,10,Rejection Method,0.5854899347325959,20,50
Schaffer,0.5,1.0,1.0,5,10,Rejection Method,0.7569148249214285,22,50
Schaffer,0.5,1.0,1.0,5,10,Rejection Method,0.6128421101342801,19,50
Schaffer,0.5,1.0,1.0,5,10,Rejection Method,0.5668629810047002,48,50
Schaffer,0.5,1.0,1.0,5,10,Rejection Method,0.9327810593143057,10,50
Schaffer,0.5,1.0,1.0,5,10,Rejection Method,0.5648186652885446,18,50
Schaffer,0.5,1.0,1.0,10,10,Rejection Method,0.7061802316292852,15,50
Schaffer,0.5,1.0,1.0,10,10,Rejection Method,1.0,13,13
Schaffer,0.5,1.0,1.0,10,10,Rejection Method,1.0,19,19
Schaffer,0.5,1.0,1.0,10,10,Rejection Method,1.0,12,12
Schaffer,0.5,1.0,1.0,10,10,Rejection Method,0.9327810593143057,34,50
Schaffer,0.5,1.0,1.0,10,10,Rejection Method,1.0,28,28
Schaffer,0.5,1.0,1.0,10,10,Rejection Method,1.0,13,13
Schaffer,0.5,1.0,1.0,10,10,Rejection Method,0.9842895345843514,13,50
Schaffer,0.5,1.0,1.0,10,10,Rejection Method,0.9327810593143057,4,50
Schaffer,0.5,1.0,1.0,10,10,Rejection Method,1.0,16,16
Schaffer,0.5,1.0,1.0,10,10,Rejection Method,0.8732565827981628,14,50
Schaffer,0.5,1.0,1.0,10,10,Rejection Method,0.9992952506441721,13,50
Schaffer,0.5,1.0,1.0,10,10,Rejection Method,1.0,27,27
Schaffer,0.5,1.0,1.0,10,10,Rejection Method,0.7999385143902542,26,50
Schaffer,0.5,1.0,1.0,10,10,Rejection Method,1.0,17,17
Schaffer,0.5,1.0,1.0,10,10,Rejection Method,0.680906062282291,24,50
Schaffer,0.5,1.0,1.0,10,10,Rejection Method,0.66637227735928,32,50
Schaffer,0.5,1.0,1.0,10,10,Rejection Method,0.9619170347814971,21,50
Schaffer,0.5,1.0,1.0,10,10,Rejection Method,1.0,20,20
Schaffer,0.5,1.0,1.0,10,10,Rejection Method,1.0,21,21
Schaffer,0.5,1.0,1.0,10,10,Rejection Method,0.9992952506441721,11,50
Schaffer,0.5,1.0,1.0,25,10,Rejection Method,0.9992952506441721,10,50
Schaffer,0.5,1.0,1.0,25,10,Rejection Method,1.0,23,23
Schaffer,0.5,1.0,1.0,25,10,Rejection Method,1.0,12,12
Schaffer,0.5,1.0,1.0,25,10,Rejection Method,1.0,15,15
Schaffer,0.5,1.0,1.0,25,10,Rejection Method,1.0,8,8
Schaffer,0.5,1.0,1.0,25,10,Rejection Method,1.0,10,10
Schaffer,0.5,1.0,1.0,25,10,Rejection Method,1.0,11,11
Schaffer,0.5,1.0,1.0,25,10,Rejection Method,1.0,17,17
Schaffer,0.5,1.0,1.0,25,10,Rejection Method,1.0,17,17
Schaffer,0.5,1.0,1.0,25,10,Rejection Method,1.0,22,22
Schaffer,0.5,1.0,1.0,25,10,Rejection Method,1.0,13,13
Schaffer,0.5,1.0,1.0,25,10,Rejection Method,1.0,13,13
Schaffer,0.5,1.0,1.0,25,10,Rejection Method,1.0,14,14
Schaffer,0.5,1.0,1.0,25,10,Rejection Method,1.0,15,15
Schaffer,0.5,1.0,1.0,25,10,Rejection Method,0.9992952506441721,15,50
Schaffer,0.5,1.0,1.0,25,10,Rejection Method,1.0,13,13
Schaffer,0.5,1.0,1.0,25,10,Rejection Method,1.0,10,10
Schaffer,0.5,1.0,1.0,25,10,Rejection Method,1.0,17,17
Schaffer,0.5,1.0,1.0,25,10,Rejection Method,1.0,17,17
Schaffer,0.5,1.0,1.0,25,10,Rejection Method,1.0,19,19
Schaffer,0.5,1.0,1.0,50,10,Rejection Method,1.0,10,10
Schaffer,0.5,1.0,1.0,50,10,Rejection Method,1.0,3,3
Schaffer,0.5,1.0,1.0,50,10,Rejection Method,1.0,10,10
Schaffer,0.5,1.0,1.0,50,10,Rejection Method,1.0,8,8
Schaffer,0.5,1.0,1.0,50,10,Rejection Method,1.0,13,13
Schaffer,0.5,1.0,1.0,50,10,Rejection Method,1.0,6,6
Schaffer,0.5,1.0,1.0,50,10,Rejection Method,1.0,14,14
Schaffer,0.5,1.0,1.0,50,10,Rejection Method,1.0,19,19
Schaffer,0.5,1.0,1.0,50,10,Rejection Method,1.0,12,12
Schaffer,0.5,1.0,1.0,50,10,Rejection Method,1.0,23,23
Schaffer,0.5,1.0,1.0,50,10,Rejection Method,1.0,8,8
Schaffer,0.5,1.0,1.0,50,10,Rejection Method,1.0,11,11
Schaffer,0.5,1.0,1.0,50,10,Rejection Method,1.0,10,10
Schaffer,0.5,1.0,1.0,50,10,Rejection Method,1.0,17,17
Schaffer,0.5,1.0,1.0,50,10,Rejection Method,1.0,10,10
Schaffer,0.5,1.0,1.0,50,10,Rejection Method,1.0,11,11
Schaffer,0.5,1.0,1.0,50,10,Rejection Method,1.0,14,14
Schaffer,0.5,1.0,1.0,50,10,Rejection Method,1.0,12,12
Schaffer,0.5,1.0,1.0,50,10,Rejection Method,1.0,12,12
Schaffer,0.5,1.0,1.0,75,10,Rejection Method,1.0,17,17
Schaffer,0.5,1.0,1.0,75,10,Rejection Method,1.0,12,12
Schaffer,0.5,1.0,1.0,75,10,Rejection Method,1.0,10,10
Schaffer,0.5,1.0,1.0,75,10,Rejection Method,1.0,9,9
Schaffer,0.5,1.0,1.0,75,10,Rejection Method,1.0,8,8
Schaffer,0.5,1.0,1.0,75,10,Rejection Method,1.0,8,8
Schaffer,0.5,1.0,1.0,75,10,Rejection Method,1.0,6,6
Schaffer,0.5,1.0,1.0,75,10,Rejection Method,1.0,14,14
Schaffer,0.5,1.0,1.0,75,10,Rejection Method,1.0,10,10
Schaffer,0.5,1.0,1.0,75,10,Rejection Method,1.0,8,8
Schaffer,0.5,1.0,1.0,75,10,Rejection Method,1.0,6,6
Schaffer,0.5,1.0,1.0,75,10,Rejection Method,1.0,12,12
Schaffer,0.5,1.0,1.0,75,10,Rejection Method,1.0,4,4
Schaffer,0.5,1.0,1.0,75,10,Rejection Method,1.0,11,11
Schaffer,0.5,1.0,1.0,75,10,Rejection Method,1.0,12,12
Schaffer,0.5,1.0,1.0,75,10,Rejection Method,1.0,9,9
Schaffer,0.5,1.0,1.0,75,10,Rejection Method,1.0,8,8
Schaffer,0.5,1.0,1.0,75,10,Rejection Method,1.0,9,9
Schaffer,0.5,1.0,1.0,75,10,Rejection Method,1.0,10,10
Schaffer,0.5,1.0,1.0,75,10,Rejection Method,1.0,11,11
Schaffer,0.5,1.0,1.0,100,10,Rejection Method,1.0,7,7
Schaffer,0.5,1.0,1.0,100,10,Rejection Method,1.0,12,12
Schaffer,0.5,1.0,1.0,100,10,Rejection Method,1.0,9,9
Schaffer,0.5,1.0,1.0,100,10,Rejection Method,1.0,10,10
Schaffer,0.5,1.0,1.0,100,10,Rejection Method,1.0,13,13
Schaffer,0.5,1.0,1.0,100,10,Rejection Method,1.0,8,8
Schaffer,0.5,1.0,1.0,100,10,Rejection Method,1.0,8,8
Schaffer,0.5,1.0,1.0,100,10,Rejection Method,1.0,8,8
Schaffer,0.5,1.0,1.0,100,10,Rejection Method,1.0,1,1
Schaffer,0.5,1.0,1.0,100,10,Rejection Method,1.0,15,15
Schaffer,0.5,1.0,1.0,100,10,Rejection Method,1.0,10,10
Schaffer,0.5,1.0,1.0,100,10,Rejection Method,1.0,11,11
Schaffer,0.5,1.0,1.0,100,10,Rejection Method,1.0,7,7
Schaffer,0.5,1.0,1.0,100,10,Rejection Method,1.0,8,8
Schaffer,0.5,1.0,1.0,100,10,Rejection Method,1.0,7,7
Schaffer,0.5,1.0,1.0,100,10,Rejection Method,1.0,7,7
Schaffer,0.5,1.0,1.0,100,10,Rejection Method,1.0,10,10
Schaffer,0.5,1.0,1.0,100,10,Rejection Method,1.0,7,7
Schaffer,0.5,1.0,1.0,100,10,Rejection Method,1.0,7,7
Schaffer,0.5,1.0,1.0,100,10,Rejection Method,1.0,8,8
Schaffer,0.0,1.0,1.0,25,10,Penalty Method,0.9992952506441721,13,50
Schaffer,0.0,1.0,1.0,25,10,Penalty Method,0.9992952506441721,12,50
Schaffer,0.0,1.0,1.0,25,10,Penalty Method,1.0,11,11
Schaffer,0.0,1.0,1.0,25,10,Penalty Method,1.0,13,13
Schaffer,0.0,1.0,1.0,25,10,Penalty Method,1.0,30,30
Schaffer,0.0,1.0,1.0,25,10,Penalty Method,0.9992952506441721,16,50
Schaffer,0.0,1.0,1.0,25,10,Penalty Method,1.0,15,15
Schaffer,0.0,1.0,1.0,25,10,Penalty Method,1.0,17,17
Schaffer,0.0,1.0,1.0,25,10,Penalty Method,0.9992952506441721,17,50
Schaffer,0.0,1.0,1.0,25,10,Penalty Method,1.0,38,38
Schaffer,0.0,1.0,1.0,25,10,Penalty Method,1.0,36,36
Schaffer,0.0,1.0,1.0,25,10,Penalty Method,1.0,12,12
Schaffer,0.0,1.0,1.0,25,10,Penalty Method,1.0,15,15
Schaffer,0.0,1.0,1.0,25,10,Penalty Method,0.9992952506441721,9,50
Schaffer,0.0,1.0,1.0,25,10,Penalty Method,0.9992952506441721,10,50
Schaffer,0.0,1.0,1.0,25,10,Penalty Method,0.9992952506441721,13,50
Schaffer,0.0,1.0,1.0,25,10,Penalty Method,0.9992952506441721,12,50
Schaffer,0.0,1.0,1.0,25,10,Penalty Method,1.0,14,14
Schaffer,0.0,1.0,1.0,25,10,Penalty Method,0.9992952506441721,10,50
Schaffer,0.0,1.0,1.0,25,10,Penalty Method,1.0,20,20
Schaffer,0.0,1.0,1.0,25,10,Penalty Method,1.0,30,30
Schaffer,0.0,1.0,1.0,25,10,Penalty Method,1.0,30,30
Schaffer,0.25,1.0,1.0,25,10,Penalty Method,1.0,8,8
Schaffer,0.25,1.0,1.0,25,10,Penalty Method,1.0,14,14
Schaffer,0.25,1.0,1.0,25,10,Penalty Method,1.0,12,12
Schaffer,0.25,1.0,1.0,25,10,Penalty Method,1.0,20,20
Schaffer,0.25,1.0,1.0,25,10,Penalty Method,1.0,25,25
Schaffer,0.25,1.0,1.0,25,10,Penalty Method,1.0,8,8
Schaffer,0.25,1.0,1.0,25,10,Penalty Method,1.0,17,17
Schaffer,0.25,1.0,1.0,25,10,Penalty Method,1.0,32,32
Schaffer,0.25,1.0,1.0,25,10,Penalty Method,0.9992952506441721,17,50
Schaffer,0.25,1.0,1.0,25,10,Penalty Method,1.0,16,16
Schaffer,0.25,1.0,1.0,25,10,Penalty Method,0.9619170347814971,11,50
Schaffer,0.25,1.0,1.0,25,10,Penalty Method,1.0,13,13
Schaffer,0.25,1.0,1.0,25,10,Penalty Method,1.0,12,12
Schaffer,0.25,1.0,1.0,25,10,Penalty Method,0.9992952506441721,11,50
Schaffer,0.25,1.0,1.0,25,10,Penalty Method,1.0,12,12
Schaffer,0.25,1.0,1.0,25,10,Penalty Method,1.0,14,14
Schaffer,0.25,1.0,1.0,25,10,Penalty Method,1.0,15,15
Schaffer,0.25,1.0,1.0,25,10,Penalty Method,1.0,14,14
Schaffer,0.25,1.0,1.0,25,10,Penalty Method,1.0,1,1
Schaffer,0.25,1.0,1.0,25,10,Penalty Method,1.0,1,1
Schaffer,0.25,1.0,1.0,25,10,Penalty Method,1.0,18,18
Schaffer,0.25,1.0,1.0,25,10,Penalty Method,1.0,11,11
Schaffer,0.25,1.0,1.0,25,10,Penalty Method,1.0,26,26
Schaffer,0.25,1.0,1.0,25,10,Penalty Method,1.0,17,17
Schaffer,0.25,1.0,1.0,25,10,Penalty Method,0.9992952506441721,14,50
Schaffer,0.25,1.0,1.0,25,10,Penalty Method,1.0,11,11
Schaffer,0.25,1.0,1.0,25,10,Penalty Method,1.0,33,33
Schaffer,0.25,1.0,1.0,25,10,Penalty Method,1.0,9,9
Schaffer,0.5,1.0,1.0,25,10,Penalty Method,1.0,11,11
Schaffer,0.5,1.0,1.0,25,10,Penalty Method,1.0,13,13
Schaffer,0.5,1.0,1.0,25,10,Penalty Method,1.0,13,13
Schaffer,0.5,1.0,1.0,25,10,Penalty Method,1.0,15,15
Schaffer,0.5,1.0,1.0,25,10,Penalty Method,1.0,18,18
Schaffer,0.5,1.0,1.0,25,10,Penalty Method,1.0,8,8
Schaffer,0.5,1.0,1.0,25,10,Penalty Method,1.0,9,9
Schaffer,0.5,1.0,1.0,25,10,Penalty Method,1.0,19,19
Schaffer,0.5,1.0,1.0,25,10,Penalty Method,1.0,12,12
Schaffer,0.5,1.0,1.0,25,10,Penalty Method,1.0,19,19
Schaffer,0.5,1.0,1.0,25,10,Penalty Method,1.0,15,15
Schaffer,0.5,1.0,1.0,25,10,Penalty Method,1.0,9,9
Schaffer,0.5,1.0,1.0,25,10,Penalty Method,1.0,20,20
Schaffer,0.5,1.0,1.0,25,10,Penalty Method,1.0,9,9
Schaffer,0.5,1.0,1.0,25,10,Penalty Method,1.0,8,8
Schaffer,0.5,1.0,1.0,25,10,Penalty Method,1.0,13,13
Schaffer,0.5,1.0,1.0,25,10,Penalty Method,1.0,14,14
Schaffer,0.5,1.0,1.0,25,10,Penalty Method,1.0,20,20
Schaffer,0.5,1.0,1.0,25,10,Penalty Method,1.0,12,12
Schaffer,0.75,1.0,1.0,25,10,Penalty Method,1.0,16,16
Schaffer,0.75,1.0,1.0,25,10,Penalty Method,1.0,14,14
Schaffer,0.75,1.0,1.0,25,10,Penalty Method,1.0,9,9
Schaffer,0.75,1.0,1.0,25,10,Penalty Method,1.0,20,20
Schaffer,0.75,1.0,1.0,25,10,Penalty Method,1.0,16,16
Schaffer,0.75,1.0,1.0,25,10,Penalty Method,1.0,12,12
Schaffer,0.75,1.0,1.0,25,10,Penalty Method,1.0,16,16
Schaffer,0.75,1.0,1.0,25,10,Penalty Method,1.0,22,22
Schaffer,0.75,1.0,1.0,25,10,Penalty Method,1.0,21,21
Schaffer,0.75,1.0,1.0,25,10,Penalty Method,1.0,6,6
Schaffer,0.75,1.0,1.0,25,10,Penalty Method,1.0,12,12
Schaffer,0.75,1.0,1.0,25,10,Penalty Method,1.0,25,25
Schaffer,0.75,1.0,1.0,25,10,Penalty Method,1.0,50,50
Schaffer,0.75,1.0,1.0,25,10,Penalty Method,1.0,44,44
Schaffer,0.75,1.0,1.0,25,10,Penalty Method,1.0,15,15
Schaffer,0.75,1.0,1.0,25,10,Penalty Method,1.0,4,4
Schaffer,0.75,1.0,1.0,25,10,Penalty Method,1.0,17,17
Schaffer,0.75,1.0,1.0,25,10,Penalty Method,1.0,14,14
Schaffer,0.75,1.0,1.0,25,10,Penalty Method,1.0,17,17
Schaffer,1.0,1.0,1.0,25,10,Penalty Method,1.0,10,10
Schaffer,1.0,1.0,1.0,25,10,Penalty Method,1.0,49,49
Schaffer,1.0,1.0,1.0,25,10,Penalty Method,1.0,18,18
Schaffer,1.0,1.0,1.0,25,10,Penalty Method,1.0,34,34
Schaffer,1.0,1.0,1.0,25,10,Penalty Method,1.0,21,21
Schaffer,1.0,1.0,1.0,25,10,Penalty Method,1.0,17,17
Schaffer,1.0,1.0,1.0,25,10,Penalty Method,1.0,8,8
Schaffer,1.0,1.0,1.0,25,10,Penalty Method,1.0,22,22
Schaffer,1.0,1.0,1.0,25,10,Penalty Method,1.0,12,12
Schaffer,1.0,1.0,1.0,25,10,Penalty Method,1.0,16,16
Schaffer,1.0,1.0,1.0,25,10,Penalty Method,1.0,25,25
Schaffer,1.0,1.0,1.0,25,10,Penalty Method,1.0,20,20
Schaffer,1.0,1.0,1.0,25,10,Penalty Method,1.0,12,12
Schaffer,1.0,1.0,1.0,25,10,Penalty Method,1.0,15,15
Schaffer,1.0,1.0,1.0,25,10,Penalty Method,1.0,22,22
Schaffer,1.0,1.0,1.0,25,10,Penalty Method,1.0,14,14
Schaffer,1.0,1.0,1.0,25,10,Penalty Method,1.0,7,7
Schaffer,1.0,1.0,1.0,25,10,Penalty Method,1.0,15,15
Schaffer,1.0,1.0,1.0,25,10,Penalty Method,1.0,12,12
Schaffer,1.0,1.0,1.0,25,10,Penalty Method,1.0,5,5
Schaffer,1.0,1.0,1.0,25,10,Penalty Method,1.0,24,24
Schaffer,1.0,1.0,1.0,25,10,Penalty Method,1.0,13,13
Schaffer,1.0,1.0,1.0,25,10,Penalty Method,1.0,19,19
Schaffer,1.0,1.0,1.0,25,10,Penalty Method,1.0,17,17
Schaffer,1.0,1.0,1.0,25,10,Penalty Method,1.0,10,10
Schaffer,1.0,1.0,1.0,25,10,Penalty Method,1.0,11,11
Schaffer,1.0,1.0,1.0,25,10,Penalty Method,1.0,13,13
Schaffer,0.5,1.0,1.0,25,1,Penalty Method,0.9992952506441721,25,50
Schaffer,0.5,1.0,1.0,25,1,Penalty Method,0.7544684223792765,43,50
Schaffer,0.5,1.0,1.0,25,1,Penalty Method,0.9938196171309704,41,50
Schaffer,0.5,1.0,1.0,25,1,Penalty Method,0.9992952506441721,19,50
Schaffer,0.5,1.0,1.0,25,1,Penalty Method,0.9938196171309704,46,50
Schaffer,0.5,1.0,1.0,25,1,Penalty Method,0.9327810593143057,4,50
Schaffer,0.5,1.0,1.0,25,1,Penalty Method,0.9842895345843514,50,50
Schaffer,0.5,1.0,1.0,25,1,Penalty Method,0.9938196171309704,48,50
Schaffer,0.5,1.0,1.0,25,1,Penalty Method,1.0,48,48
Schaffer,0.5,1.0,1.0,25,1,Penalty Method,0.9992952506441721,38,50
Schaffer,0.5,1.0,1.0,25,1,Penalty Method,0.8732565827981628,41,50
Schaffer,0.5,1.0,1.0,25,1,Penalty Method,0.9992952506441721,40,50
Schaffer,0.5,1.0,1.0,25,1,Penalty Method,0.9992952506441721,42,50
Schaffer,0.5,1.0,1.0,25,1,Penalty Method,0.9032847811115282,50,50
Schaffer,0.5,1.0,1.0,25,1,Penalty Method,0.9992952506441721,50,50
Schaffer,0.5,1.0,1.0,25,1,Penalty Method,0.9327810593143057,43,50
Schaffer,0.5,1.0,1.0,25,1,Penalty Method,0.7552732119028611,50,50
Schaffer,0.5,1.0,1.0,25,1,Penalty Method,0.9992952506441721,46,50
Schaffer,0.5,1.0,1.0,25,1,Penalty Method,0.9327810593143057,49,50
Schaffer,0.5,1.0,1.0,25,1,Penalty Method,1.0,22,22
Schaffer,0.5,1.0,1.0,25,5,Penalty Method,0.8732565827981628,23,50
Schaffer,0.5,1.0,1.0,25,5,Penalty Method,1.0,27,27
Schaffer,0.5,1.0,1.0,25,5,Penalty Method,1.0,9,9
Schaffer,0.5,1.0,1.0,25,5,Penalty Method,1.0,28,28
Schaffer,0.5,1.0,1.0,25,5,Penalty Method,1.0,16,16
Schaffer,0.5,1.0,1.0,25,5,Penalty Method,0.9992952506441721,6,50
Schaffer,0.5,1.0,1.0,25,5,Penalty Method,0.9992952506441721,9,50
Schaffer,0.5,1.0,1.0,25,5,Penalty Method,1.0,15,15
Schaffer,0.5,1.0,1.0,25,5,Penalty Method,1.0,12,12
Schaffer,0.5,1.0,1.0,25,5,Penalty Method,1.0,36,36
Schaffer,0.5,1.0,1.0,25,5,Penalty Method,1.0,22,22
Schaffer,0.5,1.0,1.0,25,5,Penalty Method,1.0,17,17
Schaffer,0.5,1.0,1.0,25,5,Penalty Method,0.8732565827981628,18,50
Schaffer,0.5,1.0,1.0,25,5,Penalty Method,1.0,6,6
Schaffer,0.5,1.0,1.0,25,5,Penalty Method,1.0,32,32
Schaffer,0.5,1.0,1.0,25,5,Penalty Method,1.0,47,47
Schaffer,0.5,1.0,1.0,25,5,Penalty Method,0.9992952506441721,14,50
Schaffer,0.5,1.0,1.0,25,5,Penalty Method,1.0,22,22
Schaffer,0.5,1.0,1.0,25,5,Penalty Method,1.0,17,17
Schaffer,0.5,1.0,1.0,25,5,Penalty Method,1.0,26,26
Schaffer,0.5,1.0,1.0,25,15,Penalty Method,1.0,15,15
Schaffer,0.5,1.0,1.0,25,15,Penalty Method,1.0,9,9
Schaffer,0.5,1.0,1.0,25,15,Penalty Method,1.0,14,14
Schaffer,0.5,1.0,1.0,25,15,Penalty Method,1.0,13,13
Schaffer,0.5,1.0,1.0,25,15,Penalty Method,1.0,10,10
Schaffer,0.5,1.0,1.0,25,15,Penalty Method,0.8732565827981628,17,50
Schaffer,0.5,1.0,1.0,25,15,Penalty Method,1.0,16,16
Schaffer,0.5,1.0,1.0,25,15,Penalty Method,1.0,20,20
Schaffer,0.5,1.0,1.0,25,15,Penalty Method,1.0,18,18
Schaffer,0.5,1.0,1.0,25,15,Penalty Method,1.0,10,10
Schaffer,0.5,1.0,1.0,25,15,Penalty Method,1.0,8,8
Schaffer,0.5,1.0,1.0,25,15,Penalty Method,0.9992952506441721,13,50
Schaffer,0.5,1.0,1.0,25,15,Penalty Method,1.0,13,13
Schaffer,0.5,1.0,1.0,25,15,Penalty Method,1.0,15,15
Schaffer,0.5,1.0,1.0,25,15,Penalty Method,1.0,11,11
Schaffer,0.5,1.0,1.0,25,15,Penalty Method,0.9992952506441721,12,50
Schaffer,0.5,1.0,1.0,25,15,Penalty Method,1.0,9,9
Schaffer,0.5,1.0,1.0,25,15,Penalty Method,1.0,6,6
Schaffer,0.5,1.0,1.0,25,20,Penalty Method,1.0,17,17
Schaffer,0.5,1.0,1.0,25,20,Penalty Method,1.0,14,14
Schaffer,0.5,1.0,1.0,25,20,Penalty Method,1.0,6,6
Schaffer,0.5,1.0,1.0,25,20,Penalty Method,1.0,8,8
Schaffer,0.5,1.0,1.0,25,20,Penalty Method,1.0,10,10
Schaffer,0.5,1.0,1.0,25,20,Penalty Method,1.0,11,11
Schaffer,0.5,1.0,1.0,25,20,Penalty Method,1.0,17,17
Schaffer,0.5,1.0,1.0,25,20,Penalty Method,1.0,6,6
Schaffer,0.5,1.0,1.0,25,20,Penalty Method,1.0,15,15
Schaffer,0.5,1.0,1.0,25,20,Penalty Method,1.0,17,17
Schaffer,0.5,1.0,1.0,25,20,Penalty Method,1.0,6,6
Schaffer,0.5,1.0,1.0,25,20,Penalty Method,0.9992952506441721,10,50
Schaffer,0.5,1.0,1.0,25,20,Penalty Method,1.0,5,5
Schaffer,0.5,1.0,1.0,25,20,Penalty Method,1.0,14,14
Schaffer,0.5,1.0,1.0,25,20,Penalty Method,1.0,9,9
Schaffer,0.5,1.0,1.0,25,20,Penalty Method,1.0,14,14
Schaffer,0.5,1.0,1.0,25,20,Penalty Method,1.0,6,6
Schaffer,0.5,1.0,1.0,25,20,Penalty Method,1.0,6,6
Schaffer,0.5,1.0,1.0,25,20,Penalty Method,1.0,9,9
Schaffer,0.5,1.0,1.0,25,20,Penalty Method,1.0,13,13
Booth,0.5,1.0,1.0,1,10,Rejection Method,0.9787340175718476,1,50
Booth,0.5,1.0,1.0,1,10,Rejection Method,0.9759104748728231,6,50
Booth,0.5,1.0,1.0,1,10,Rejection Method,0.9158019567150905,1,50
Booth,0.5,1.0,1.0,1,10,Rejection Method,0.9754492962319824,8,50
Booth,0.5,1.0,1.0,1,10,Rejection Method,0.944700916239606,2,50
Booth,0.5,1.0,1.0,1,10,Rejection Method,0.8583146273629523,8,50
Booth,0.5,1.0,1.0,1,10,Rejection Method,0.7336269817740318,5,50
Booth,0.5,1.0,1.0,1,10,Rejection Method,0.9985694050324943,7,50
Booth,0.5,1.0,1.0,1,10,Rejection Method,0.9892705377437071,7,50
Booth,0.5,1.0,1.0,1,10,Rejection Method,0.49061407347799296,6,50
Booth,0.5,1.0,1.0,1,10,Rejection Method,0.8098861641701844,1,50
Booth,0.5,1.0,1.0,1,10,Rejection Method,0.5945251507065915,5,50
Booth,0.5,1.0,1.0,1,10,Rejection Method,0.8505216495136448,2,50
Booth,0.5,1.0,1.0,1,10,Rejection Method,0.8986912879590022,6,50
Booth,0.5,1.0,1.0,1,10,Rejection Method,0.47425634944164446,6,50
Booth,0.5,1.0,1.0,1,10,Rejection Method,0.9094019265973018,7,50
Booth,0.5,1.0,1.0,1,10,Rejection Method,0.6824032113092298,8,50
Booth,0.5,1.0,1.0,1,10,Rejection Method,0.9836940409131338,7,50
Booth,0.5,1.0,1.0,1,10,Rejection Method,0.26339418067849724,5,50
Booth,0.5,1.0,1.0,5,10,Rejection Method,0.9999105878145311,16,50
Booth,0.5,1.0,1.0,5,10,Rejection Method,0.9987576412124293,15,50
Booth,0.5,1.0,1.0,5,10,Rejection Method,0.9646445395037154,7,50
Booth,0.5,1.0,1.0,5,10,Rejection Method,0.9945599743998795,14,50
Booth,0.5,1.0,1.0,5,10,Rejection Method,0.9631810032047211,7,50
Booth,0.5,1.0,1.0,5,10,Rejection Method,1.0,7,7
Booth,0.5,1.0,1.0,5,10,Rejection Method,0.9860516990668192,13,50
Booth,0.5,1.0,1.0,5,10,Rejection Method,0.9882352387540647,15,50
Booth,0.5,1.0,1.0,5,10,Rejection Method,0.9604280490731723,2,50
Booth,0.5,1.0,1.0,5,10,Rejection Method,0.9992658788982537,14,50
Booth,0.5,1.0,1.0,5,10,Rejection Method,0.999985882286505,12,50
Booth,0.5,1.0,1.0,5,10,Rejection Method,0.9754869434679694,45,50
Booth,0.5,1.0,1.0,5,10,Rejection Method,0.9840705132730037,6,50
Booth,0.5,1.0,1.0,5,10,Rejection Method,0.9974399879528847,16,50
Booth,0.5,1.0,1.0,5,10,Rejection Method,1.0,10,10
Booth,0.5,1.0,1.0,5,10,Rejection Method,0.9745316448547994,19,50
Booth,0.5,1.0,1.0,5,10,Rejection Method,0.9979105784027221,16,50
Booth,0.5,1.0,1.0,5,10,Rejection Method,1.0,14,14
Booth,0.5,1.0,1.0,5,10,Rejection Method,1.0,8,8
Booth,0.5,1.0,1.0,10,10,Rejection Method,0.9999811763820066,20,50
Booth,0.5,1.0,1.0,10,10,Rejection Method,0.9958446863279357,15,50
Booth,0.5,1.0,1.0,10,10,Rejection Method,0.9862211116287607,11,50
Booth,0.5,1.0,1.0,10,10,Rejection Method,0.9995152918366675,16,50
Booth,0.5,1.0,1.0,10,10,Rejection Method,0.9984988164650188,15,50
Booth,0.5,1.0,1.0,10,10,Rejection Method,1.0,17,17
Booth,0.5,1.0,1.0,10,10,Rejection Method,1.0,8,8
Booth,0.5,1.0,1.0,10,10,Rejection Method,0.9998117638200652,12,50
Booth,0.5,1.0,1.0,10,10,Rejection Method,1.0,9,9
Booth,0.5,1.0,1.0,10,10,Rejection Method,0.9999576468595148,14,50
Booth,0.5,1.0,1.0,10,10,Rejection Method,1.0,12,12
Booth,0.5,1.0,1.0,10,10,Rejection Method,0.9995482331681563,16,50
Booth,0.5,1.0,1.0,10,10,Rejection Method,1.0,14,14
Booth,0.5,1.0,1.0,10,10,Rejection Method,0.9948470345742805,13,50
Booth,0.5,1.0,1.0,10,10,Rejection Method,0.9999435291460196,21,50
Booth,0.5,1.0,1.0,10,10,Rejection Method,0.9987152880719441,14,50
Booth,0.5,1.0,1.0,10,10,Rejection Method,1.0,11,11
Booth,0.5,1.0,1.0,10,10,Rejection Method,1.0,11,11
Booth,0.5,1.0,1.0,10,10,Rejection Method,1.0,10,10
Booth,0.5,1.0,1.0,10,10,Rejection Method,1.0,14,14
Booth,0.5,1.0,1.0,10,10,Rejection Method,1.0,5,5
Booth,0.5,1.0,1.0,25,10,Rejection Method,1.0,9,9
Booth,0.5,1.0,1.0,25,10,Rejection Method,1.0,9,9
Booth,0.5,1.0,1.0,25,10,Rejection Method,1.0,7,7
Booth,0.5,1.0,1.0,25,10,Rejection Method,1.0,8,8
Booth,0.5,1.0,1.0,25,10,Rejection Method,1.0,10,10
Booth,0.5,1.0,1.0,25,10,Rejection Method,1.0,7,7
Booth,0.5,1.0,1.0,25,10,Rejection Method,1.0,7,7
Booth,0.5,1.0,1.0,25,10,Rejection Method,1.0,10,10
Booth,0.5,1.0,1.0,25,10,Rejection Method,1.0,7,7
Booth,0.5,1.0,1.0,25,10,Rejection Method,1.0,6,6
Booth,0.5,1.0,1.0,25,10,Rejection Method,1.0,7,7
Booth,0.5,1.0,1.0,25,10,Rejection Method,1.0,5,5
Booth,0.5,1.0,1.0,25,10,Rejection Method,1.0,15,15
Booth,0.5,1.0,1.0,25,10,Rejection Method,1.0,9,9
Booth,0.5,1.0,1.0,25,10,Rejection Method,1.0,6,6
Booth,0.5,1.0,1.0,25,10,Rejection Method,1.0,12,12
Booth,0.5,1.0,1.0,25,10,Rejection Method,1.0,11,11
Booth,0.5,1.0,1.0,25,10,Rejection Method,1.0,13,13
Booth,0.5,1.0,1.0,25,10,Rejection Method,1.0,10,10
Booth,0.5,1.0,1.0,25,10,Rejection Method,1.0,8,8
Booth,0.5,1.0,1.0,25,10,Rejection Method,1.0,9,9
Booth,0.5,1.0,1.0,25,10,Rejection Method,1.0,6,6
Booth,0.5,1.0,1.0,50,10,Rejection Method,1.0,5,5
Booth,0.5,1.0,1.0,50,10,Rejection Method,1.0,4,4
Booth,0.5,1.0,1.0,50,10,Rejection Method,1.0,3,3
Booth,0.5,1.0,1.0,50,10,Rejection Method,1.0,8,8
Booth,0.5,1.0,1.0,50,10,Rejection Method,1.0,6,6
Booth,0.5,1.0,1.0,50,10,Rejection Method,1.0,6,6
Booth,0.5,1.0,1.0,50,10,Rejection Method,1.0,9,9
Booth,0.5,1.0,1.0,50,10,Rejection Method,1.0,8,8
Booth,0.5,1.0,1.0,50,10,Rejection Method,1.0,8,8
Booth,0.5,1.0,1.0,50,10,Rejection Method,1.0,5,5
Booth,0.5,1.0,1.0,50,10,Rejection Method,1.0,11,11
Booth,0.5,1.0,1.0,50,10,Rejection Method,1.0,14,14
Booth,0.5,1.0,1.0,50,10,Rejection Method,1.0,7,7
Booth,0.5,1.0,1.0,50,10,Rejection Method,1.0,8,8
Booth,0.5,1.0,1.0,50,10,Rejection Method,1.0,9,9
Booth,0.5,1.0,1.0,50,10,Rejection Method,1.0,10,10
Booth,0.5,1.0,1.0,50,10,Rejection Method,1.0,7,7
Booth,0.5,1.0,1.0,50,10,Rejection Method,1.0,5,5
Booth,0.5,1.0,1.0,50,10,Rejection Method,1.0,6,6
Booth,0.5,1.0,1.0,50,10,Rejection Method,1.0,9,9
Booth,0.5,1.0,1.0,50,10,Rejection Method,1.0,7,7
Booth,0.5,1.0,1.0,50,10,Rejection Method,1.0,7,7
Booth,0.5,1.0,1.0,75,10,Rejection Method,1.0,8,8
Booth,0.5,1.0,1.0,75,10,Rejection Method,1.0,8,8
Booth,0.5,1.0,1.0,75,10,Rejection Method,1.0,8,8
Booth,0.5,1.0,1.0,75,10,Rejection Method,1.0,7,7
Booth,0.5,1.0,1.0,75,10,Rejection Method,1.0,6,6
Booth,0.5,1.0,1.0,75,10,Rejection Method,1.0,6,6
Booth,0.5,1.0,1.0,75,10,Rejection Method,1.0,5,5
Booth,0.5,1.0,1.0,75,10,Rejection Method,1.0,7,7
Booth,0.5,1.0,1.0,75,10,Rejection Method,1.0,7,7
Booth,0.5,1.0,1.0,75,10,Rejection Method,1.0,8,8
Booth,0.5,1.0,1.0,75,10,Rejection Method,1.0,5,5
Booth,0.5,1.0,1.0,75,10,Rejection Method,1.0,6,6
Booth,0.5,1.0,1.0,75,10,Rejection Method,1.0,5,5
Booth,0.5,1.0,1.0,75,10,Rejection Method,1.0,6,6
Booth,0.5,1.0,1.0,75,10,Rejection Method,1.0,6,6
Booth,0.5,1.0,1.0,75,10,Rejection Method,1.0,9,9
Booth,0.5,1.0,1.0,75,10,Rejection Method,1.0,3,3
Booth,0.5,1.0,1.0,75,10,Rejection Method,1.0,3,3
Booth,0.5,1.0,1.0,75,10,Rejection Method,1.0,6,6
Booth,0.5,1.0,1.0,75,10,Rejection Method,1.0,6,6
Booth,0.5,1.0,1.0,100,10,Rejection Method,1.0,7,7
Booth,0.5,1.0,1.0,100,10,Rejection Method,1.0,6,6
Booth,0.5,1.0,1.0,100,10,Rejection Method,1.0,5,5
Booth,0.5,1.0,1.0,100,10,Rejection Method,1.0,4,4
Booth,0.5,1.0,1.0,100,10,Rejection Method,1.0,5,5
Booth,0.5,1.0,1.0,100,10,Rejection Method,1.0,3,3
Booth,0.5,1.0,1.0,100,10,Rejection Method,1.0,5,5
Booth,0.5,1.0,1.0,100,10,Rejection Method,1.0,4,4
Booth,0.5,1.0,1.0,100,10,Rejection Method,1.0,5,5
Booth,0.5,1.0,1.0,100,10,Rejection Method,1.0,6,6
Booth,0.5,1.0,1.0,100,10,Rejection Method,1.0,6,6
Booth,0.5,1.0,1.0,100,10,Rejection Method,1.0,5,5
Booth,0.5,1.0,1.0,100,10,Rejection Method,1.0,4,4
Booth,0.5,1.0,1.0,100,10,Rejection Method,1.0,4,4
Booth,0.5,1.0,1.0,100,10,Rejection Method,1.0,7,7
Booth,0.5,1.0,1.0,100,10,Rejection Method,1.0,5,5
Booth,0.5,1.0,1.0,100,10,Rejection Method,1.0,6,6
Booth,0.5,1.0,1.0,100,10,Rejection Method,1.0,4,4
Booth,0.5,1.0,1.0,100,10,Rejection Method,1.0,5,5
Booth,0.5,1.0,1.0,1,10,Penalty Method,1.0,6,6
Booth,0.5,1.0,1.0,1,10,Penalty Method,0.9377926484359927,11,50
Booth,0.5,1.0,1.0,1,10,Penalty Method,0.9036277817777967,4,50
Booth,0.5,1.0,1.0,1,10,Penalty Method,0.8802394364208773,8,50
Booth,0.5,1.0,1.0,1,10,Penalty Method,0.96882808860277,6,50
Booth,0.5,1.0,1.0,1,10,Penalty Method,0.9778446016216548,6,50
Booth,0.5,1.0,1.0,1,10,Penalty Method,0.9600045176683185,9,50
Booth,0.5,1.0,1.0,1,10,Penalty Method,0.4735598755758851,7,50
Booth,0.5,1.0,1.0,1,10,Penalty Method,0.9883670040800193,6,50
Booth,0.5,1.0,1.0,1,10,Penalty Method,0.9649457173916114,7,50
Booth,0.5,1.0,1.0,1,10,Penalty Method,0.9549927293775501,6,50
Booth,0.5,1.0,1.0,1,10,Penalty Method,0.9676845538096651,6,50
Booth,0.5,1.0,1.0,1,10,Penalty Method,0.9812375587649824,6,50
Booth,0.5,1.0,1.0,1,10,Penalty Method,0.9541456665678427,7,50
Booth,0.5,1.0,1.0,1,10,Penalty Method,0.9589456891561844,7,50
Booth,0.5,1.0,1.0,1,10,Penalty Method,0.9851293417851379,5,50
Booth,0.5,1.0,1.0,1,10,Penalty Method,0.9301596713396298,3,50
Booth,0.5,1.0,1.0,1,10,Penalty Method,0.5622332340387485,6,50
Booth,0.5,1.0,1.0,1,10,Penalty Method,0.9590445131506502,7,50
Booth,0.5,1.0,1.0,1,10,Penalty Method,0.9802163774888353,6,50
Booth,0.5,1.0,1.0,5,10,Penalty Method,1.0,16,16
Booth,0.5,1.0,1.0,5,10,Penalty Method,0.9988282297799049,24,50
Booth,0.5,1.0,1.0,5,10,Penalty Method,0.9999105878145311,23,50
Booth,0.5,1.0,1.0,5,10,Penalty Method,1.0,14,14
Booth,0.5,1.0,1.0,5,10,Penalty Method,1.0,13,13
Booth,0.5,1.0,1.0,5,10,Penalty Method,1.0,14,14
Booth,0.5,1.0,1.0,5,10,Penalty Method,0.9999105878145311,23,50
Booth,0.5,1.0,1.0,5,10,Penalty Method,1.0,13,13
Booth,0.5,1.0,1.0,5,10,Penalty Method,0.9815340307483801,18,50
Booth,0.5,1.0,1.0,5,10,Penalty Method,1.0,8,8
Booth,0.5,1.0,1.0,5,10,Penalty Method,0.9830446260923582,14,50
Booth,0.5,1.0,1.0,5,10,Penalty Method,0.9922070221506925,23,50
Booth,0.5,1.0,1.0,5,10,Penalty Method,0.9998870582920392,36,50
Booth,0.5,1.0,1.0,5,10,Penalty Method,1.0,14,14
Booth,0.5,1.0,1.0,5,10,Penalty Method,0.9989082301563773,28,50
Booth,0.5,1.0,1.0,5,10,Penalty Method,0.9755151788949596,50,50
Booth,0.5,1.0,1.0,5,10,Penalty Method,1.0,15,15
Booth,0.5,1.0,1.0,5,10,Penalty Method,1.0,19,19
Booth,0.5,1.0,1.0,5,10,Penalty Method,0.9836799231996387,7,50
Booth,0.5,1.0,1.0,5,10,Penalty Method,0.9836799231996387,27,50
Booth,0.5,1.0,1.0,5,10,Penalty Method,1.0,8,8
Booth,0.5,1.0,1.0,5,10,Penalty Method,1.0,25,25
Booth,0.5,1.0,1.0,10,10,Penalty Method,1.0,7,7
Booth,0.5,1.0,1.0,10,10,Penalty Method,1.0,20,20
Booth,0.5,1.0,1.0,10,10,Penalty Method,1.0,9,9
Booth,0.5,1.0,1.0,10,10,Penalty Method,1.0,11,11
Booth,0.5,1.0,1.0,10,10,Penalty Method,1.0,16,16
Booth,0.5,1.0,1.0,10,10,Penalty Method,1.0,8,8
Booth,0.5,1.0,1.0,10,10,Penalty Method,1.0,13,13
Booth,0.5,1.0,1.0,10,10,Penalty Method,0.9999576468595148,24,50
Booth,0.5,1.0,1.0,10,10,Penalty Method,1.0,12,12
Booth,0.5,1.0,1.0,10,10,Penalty Method,1.0,17,17
Booth,0.5,1.0,1.0,10,10,Penalty Method,1.0,11,11
Booth,0.5,1.0,1.0,10,10,Penalty Method,1.0,11,11
Booth,0.5,1.0,1.0,10,10,Penalty Method,1.0,24,24
Booth,0.5,1.0,1.0,10,10,Penalty Method,1.0,8,8
Booth,0.5,1.0,1.0,10,10,Penalty Method,1.0,10,10
Booth,0.5,1.0,1.0,10,10,Penalty Method,1.0,9,9
Booth,0.5,1.0,1.0,10,10,Penalty Method,1.0,12,12
Booth,0.5,1.0,1.0,10,10,Penalty Method,1.0,14,14
Booth,0.5,1.0,1.0,10,10,Penalty Method,1.0,16,16
Booth,0.5,1.0,1.0,10,10,Penalty Method,0.9999105878145311,18,50
Booth,0.5,1.0,1.0,10,10,Penalty Method,1.0,13,13
Booth,0.5,1.0,1.0,10,10,Penalty Method,1.0,21,21
Booth,0.5,1.0,1.0,25,10,Penalty Method,1.0,12,12
Booth,0.5,1.0,1.0,25,10,Penalty Method,1.0,10,10
Booth,0.5,1.0,1.0,25,10,Penalty Method,1.0,7,7
Booth,0.5,1.0,1.0,25,10,Penalty Method,1.0,10,10
Booth,0.5,1.0,1.0,25,10,Penalty Method,1.0,6,6
Booth,0.5,1.0,1.0,25,10,Penalty Method,1.0,6,6
Booth,0.5,1.0,1.0,25,10,Penalty Method,1.0,13,13
Booth,0.5,1.0,1.0,25,10,Penalty Method,1.0,7,7
Booth,0.5,1.0,1.0,25,10,Penalty Method,1.0,8,8
Booth,0.5,1.0,1.0,25,10,Penalty Method,1.0,8,8
Booth,0.5,1.0,1.0,25,10,Penalty Method,1.0,8,8
Booth,0.5,1.0,1.0,25,10,Penalty Method,1.0,9,9
Booth,0.5,1.0,1.0,25,10,Penalty Method,1.0,13,13
Booth,0.5,1.0,1.0,25,10,Penalty Method,1.0,11,11
Booth,0.5,1.0,1.0,25,10,Penalty Method,1.0,10,10
Booth,0.5,1.0,1.0,25,10,Penalty Method,1.0,5,5
Booth,0.5,1.0,1.0,25,10,Penalty Method,1.0,7,7
Booth,0.5,1.0,1.0,25,10,Penalty Method,1.0,12,12
Booth,0.5,1.0,1.0,25,10,Penalty Method,1.0,8,8
Booth,0.5,1.0,1.0,25,10,Penalty Method,1.0,9,9
Booth,0.5,1.0,1.0,25,10,Penalty Method,1.0,8,8
Booth,0.5,1.0,1.0,25,10,Penalty Method,1.0,8,8
Booth,0.5,1.0,1.0,25,10,Penalty Method,1.0,7,7
Booth,0.5,1.0,1.0,25,10,Penalty Method,1.0,14,14
Booth,0.5,1.0,1.0,40,10,Penalty Method,1.0,11,11
Booth,0.5,1.0,1.0,40,10,Penalty Method,1.0,9,9
Booth,0.5,1.0,1.0,40,10,Penalty Method,1.0,12,12
Booth,0.5,1.0,1.0,40,10,Penalty Method,1.0,6,6
Booth,0.5,1.0,1.0,40,10,Penalty Method,1.0,6,6
Booth,0.5,1.0,1.0,50,10,Penalty Method,1.0,6,6
Booth,0.5,1.0,1.0,50,10,Penalty Method,1.0,9,9
Booth,0.5,1.0,1.0,50,10,Penalty Method,1.0,7,7
Booth,0.5,1.0,1.0,50,10,Penalty Method,1.0,10,10
Booth,0.5,1.0,1.0,50,10,Penalty Method,1.0,4,4
Booth,0.5,1.0,1.0,50,10,Penalty Method,1.0,8,8
Booth,0.5,1.0,1.0,50,10,Penalty Method,1.0,9,9
Booth,0.5,1.0,1.0,50,10,Penalty Method,1.0,7,7
Booth,0.5,1.0,1.0,50,10,Penalty Method,1.0,9,9
Booth,0.5,1.0,1.0,50,10,Penalty Method,1.0,3,3
Booth,0.5,1.0,1.0,50,10,Penalty Method,1.0,8,8
Booth,0.5,1.0,1.0,50,10,Penalty Method,1.0,6,6
Booth,0.5,1.0,1.0,50,10,Penalty Method,1.0,8,8
Booth,0.5,1.0,1.0,50,10,Penalty Method,1.0,6,6
Booth,0.5,1.0,1.0,50,10,Penalty Method,1.0,9,9
Booth,0.5,1.0,1.0,50,10,Penalty Method,1.0,1,1
Booth,0.5,1.0,1.0,50,10,Penalty Method,1.0,11,11
Booth,0.5,1.0,1.0,50,10,Penalty Method,1.0,9,9
Booth,0.5,1.0,1.0,50,10,Penalty Method,1.0,8,8
Booth,0.5,1.0,1.0,50,10,Penalty Method,1.0,9,9
Booth,0.5,1.0,1.0,50,10,Penalty Method,1.0,5,5
Booth,0.5,1.0,1.0,50,10,Penalty Method,1.0,9,9
Booth,0.5,1.0,1.0,50,10,Penalty Method,1.0,9,9
Booth,0.5,1.0,1.0,75,10,Penalty Method,1.0,7,7
Booth,0.5,1.0,1.0,75,10,Penalty Method,1.0,5,5
Booth,0.5,1.0,1.0,75,10,Penalty Method,1.0,8,8
Booth,0.5,1.0,1.0,75,10,Penalty Method,1.0,6,6
Booth,0.5,1.0,1.0,75,10,Penalty Method,1.0,6,6
Booth,0.5,1.0,1.0,75,10,Penalty Method,1.0,7,7
Booth,0.5,1.0,1.0,75,10,Penalty Method,1.0,8,8
Booth,0.5,1.0,1.0,75,10,Penalty Method,1.0,4,4
Booth,0.5,1.0,1.0,75,10,Penalty Method,1.0,7,7
Booth,0.5,1.0,1.0,75,10,Penalty Method,1.0,7,7
Booth,0.5,1.0,1.0,75,10,Penalty Method,1.0,8,8
Booth,0.5,1.0,1.0,75,10,Penalty Method,1.0,7,7
Booth,0.5,1.0,1.0,75,10,Penalty Method,1.0,6,6
Booth,0.5,1.0,1.0,75,10,Penalty Method,1.0,3,3
Booth,0.5,1.0,1.0,75,10,Penalty Method,1.0,5,5
Booth,0.5,1.0,1.0,75,10,Penalty Method,1.0,7,7
Booth,0.5,1.0,1.0,75,10,Penalty Method,1.0,6,6
Booth,0.5,1.0,1.0,75,10,Penalty Method,1.0,6,6
Booth,0.5,1.0,1.0,75,10,Penalty Method,1.0,6,6
Booth,0.5,1.0,1.0,75,10,Penalty Method,1.0,9,9
Booth,0.5,1.0,1.0,100,10,Penalty Method,1.0,5,5
Booth,0.5,1.0,1.0,100,10,Penalty Method,1.0,6,6
Booth,0.5,1.0,1.0,100,10,Penalty Method,1.0,7,7
Booth,0.5,1.0,1.0,100,10,Penalty Method,1.0,8,8
Booth,0.5,1.0,1.0,100,10,Penalty Method,1.0,6,6
Booth,0.5,1.0,1.0,100,10,Penalty Method,1.0,4,4
Booth,0.5,1.0,1.0,100,10,Penalty Method,1.0,6,6
Booth,0.5,1.0,1.0,100,10,Penalty Method,1.0,5,5
Booth,0.5,1.0,1.0,100,10,Penalty Method,1.0,6,6
Booth,0.5,1.0,1.0,100,10,Penalty Method,1.0,6,6
Booth,0.5,1.0,1.0,100,10,Penalty Method,1.0,6,6
Booth,0.5,1.0,1.0,100,10,Penalty Method,1.0,5,5
Booth,0.5,1.0,1.0,100,10,Penalty Method,1.0,6,6
Booth,0.5,1.0,1.0,100,10,Penalty Method,1.0,6,6
Booth,0.5,1.0,1.0,100,10,Penalty Method,1.0,7,7
Booth,0.5,1.0,1.0,100,10,Penalty Method,1.0,5,5
Booth,0.5,1.0,1.0,100,10,Penalty Method,1.0,5,5
Booth,0.5,1.0,1.0,100,10,Penalty Method,1.0,4,4
Booth,0.5,1.0,1.0,100,10,Penalty Method,1.0,5,5
Booth,0.5,1.0,1.0,100,10,Penalty Method,1.0,7,7
Booth,0.0,1.0,1.0,25,10,Rejection Method,0.9792751965891604,12,50
Booth,0.0,1.0,1.0,25,10,Rejection Method,0.999985882286505,14,50
Booth,0.0,1.0,1.0,25,10,Rejection Method,1.0,7,7
Booth,0.0,1.0,1.0,25,10,Rejection Method,0.9999435291460196,5,50
Booth,0.0,1.0,1.0,25,10,Rejection Method,1.0,7,7
Booth,0.0,1.0,1.0,25,10,Rejection Method,0.9984988164650188,11,50
Booth,0.0,1.0,1.0,25,10,Rejection Method,0.9992658788982537,6,50
Booth,0.0,1.0,1.0,25,10,Rejection Method,0.9987152880719441,9,50
Booth,0.0,1.0,1.0,25,10,Rejection Method,0.9997317634435928,9,50
Booth,0.0,1.0,1.0,25,10,Rejection Method,1.0,9,9
Booth,0.0,1.0,1.0,25,10,Rejection Method,1.0,11,11
Booth,0.0,1.0,1.0,25,10,Rejection Method,1.0,8,8
Booth,0.0,1.0,1.0,25,10,Rejection Method,0.9911481936385583,13,50
Booth,0.0,1.0,1.0,25,10,Rejection Method,1.0,10,10
Booth,0.0,1.0,1.0,25,10,Rejection Method,1.0,8,8
Booth,0.0,1.0,1.0,25,10,Rejection Method,1.0,9,9
Booth,0.0,1.0,1.0,25,10,Rejection Method,0.999985882286505,18,50
Booth,0.0,1.0,1.0,25,10,Rejection Method,0.9996611748761172,9,50
Booth,0.0,1.0,1.0,25,10,Rejection Method,0.9990964663363123,7,50
Booth,0.0,1.0,1.0,25,10,Rejection Method,0.999985882286505,16,50
Booth,0.25,1.0,1.0,25,10,Rejection Method,1.0,12,12
Booth,0.25,1.0,1.0,25,10,Rejection Method,0.9999811763820066,11,50
Booth,0.25,1.0,1.0,25,10,Rejection Method,0.9999811763820066,10,50
Booth,0.25,1.0,1.0,25,10,Rejection Method,1.0,9,9
Booth,0.25,1.0,1.0,25,10,Rejection Method,1.0,7,7
Booth,0.25,1.0,1.0,25,10,Rejection Method,0.9997317634435928,13,50
Booth,0.25,1.0,1.0,25,10,Rejection Method,1.0,6,6
Booth,0.25,1.0,1.0,25,10,Rejection Method,0.9998447051515537,11,50
Booth,0.25,1.0,1.0,25,10,Rejection Method,0.9996564689716189,14,50
Booth,0.25,1.0,1.0,25,10,Rejection Method,0.999204702139775,12,50
Booth,0.25,1.0,1.0,25,10,Rejection Method,0.9999811763820066,9,50
Booth,0.25,1.0,1.0,25,10,Rejection Method,1.0,8,8
Booth,0.25,1.0,1.0,25,10,Rejection Method,0.9998447051515537,10,50
Booth,0.25,1.0,1.0,25,10,Rejection Method,0.9993647028927195,10,50
Booth,0.25,1.0,1.0,25,10,Rejection Method,0.999759998870583,14,50
Booth,0.25,1.0,1.0,25,10,Rejection Method,0.9999105878145311,10,50
Booth,0.25,1.0,1.0,25,10,Rejection Method,1.0,6,6
Booth,0.25,1.0,1.0,25,10,Rejection Method,0.9976282241328195,13,50
Booth,0.25,1.0,1.0,25,10,Rejection Method,0.9999576468595148,15,50
Booth,0.25,1.0,1.0,25,10,Rejection Method,1.0,7,7
Booth,0.5,1.0,1.0,25,10,Rejection Method,1.0,8,8
Booth,0.5,1.0,1.0,25,10,Rejection Method,1.0,23,23
Booth,0.5,1.0,1.0,25,10,Rejection Method,1.0,6,6
Booth,0.5,1.0,1.0,25,10,Rejection Method,1.0,14,14
Booth,0.5,1.0,1.0,25,10,Rejection Method,1.0,12,12
Booth,0.5,1.0,1.0,25,10,Rejection Method,1.0,7,7
Booth,0.5,1.0,1.0,25,10,Rejection Method,1.0,9,9
Booth,0.5,1.0,1.0,25,10,Rejection Method,1.0,10,10
Booth,0.5,1.0,1.0,25,10,Rejection Method,1.0,8,8
Booth,0.5,1.0,1.0,25,10,Rejection Method,1.0,10,10
Booth,0.5,1.0,1.0,25,10,Rejection Method,1.0,9,9
Booth,0.5,1.0,1.0,25,10,Rejection Method,1.0,9,9
Booth,0.5,1.0,1.0,25,10,Rejection Method,1.0,9,9
Booth,0.5,1.0,1.0,25,10,Rejection Method,1.0,11,11
Booth,0.5,1.0,1.0,25,10,Rejection Method,1.0,6,6
Booth,0.5,1.0,1.0,25,10,Rejection Method,1.0,10,10
Booth,0.5,1.0,1.0,25,10,Rejection Method,1.0,8,8
Booth,0.5,1.0,1.0,25,10,Rejection Method,1.0,9,9
Booth,0.5,1.0,1.0,25,10,Rejection Method,1.0,8,8
Booth,0.5,1.0,1.0,25,10,Rejection Method,1.0,16,16
Booth,0.5,1.0,1.0,25,10,Rejection Method,1.0,12,12
Booth,0.5,1.0,1.0,25,10,Rejection Method,1.0,10,10
Booth,0.5,1.0,1.0,25,10,Rejection Method,1.0,12,12
Booth,0.75,1.0,1.0,25,10,Rejection Method,1.0,9,9
Booth,0.75,1.0,1.0,25,10,Rejection Method,1.0,15,15
Booth,0.75,1.0,1.0,25,10,Rejection Method,1.0,13,13
Booth,0.75,1.0,1.0,25,10,Rejection Method,1.0,8,8
Booth,0.75,1.0,1.0,25,10,Rejection Method,1.0,9,9
Booth,0.75,1.0,1.0,25,10,Rejection Method,1.0,7,7
Booth,0.75,1.0,1.0,25,10,Rejection Method,1.0,6,6
Booth,0.75,1.0,1.0,25,10,Rejection Method,1.0,14,14
Booth,0.75,1.0,1.0,25,10,Rejection Method,1.0,12,12
Booth,0.75,1.0,1.0,25,10,Rejection Method,1.0,7,7
Booth,0.75,1.0,1.0,25,10,Rejection Method,1.0,8,8
Booth,0.75,1.0,1.0,25,10,Rejection Method,1.0,7,7
Booth,0.75,1.0,1.0,25,10,Rejection Method,1.0,14,14
Booth,0.75,1.0,1.0,25,10,Rejection Method,1.0,13,13
Booth,0.75,1.0,1.0,25,10,Rejection Method,1.0,21,21
Booth,0.75,1.0,1.0,25,10,Rejection Method,1.0,13,13
Booth,0.75,1.0,1.0,25,10,Rejection Method,1.0,9,9
Booth,0.75,1.0,1.0,25,10,Rejection Method,1.0,10,10
Booth,0.75,1.0,1.0,25,10,Rejection Method,1.0,12,12
Booth,0.75,1.0,1.0,25,10,Rejection Method,1.0,8,8
Booth,0.75,1.0,1.0,25,10,Rejection Method,1.0,10,10
Booth,0.75,1.0,1.0,25,10,Rejection Method,1.0,9,9
Booth,0.75,1.0,1.0,25,10,Rejection Method,1.0,12,12
Booth,0.75,1.0,1.0,25,10,Rejection Method,1.0,12,12
Booth,0.75,1.0,1.0,25,10,Rejection Method,1.0,12,12
Booth,0.75,1.0,1.0,25,10,Rejection Method,1.0,16,16
Booth,0.75,1.0,1.0,25,10,Rejection Method,1.0,9,9
Booth,0.75,1.0,1.0,25,10,Rejection Method,1.0,9,9
Booth,0.75,1.0,1.0,25,10,Rejection Method,1.0,12,12
Booth,0.75,1.0,1.0,25,10,Rejection Method,1.0,10,10
Booth,0.75,1.0,1.0,25,10,Rejection Method,1.0,11,11
Booth,1.0,1.0,1.0,25,10,Rejection Method,1.0,19,19
Booth,1.0,1.0,1.0,25,10,Rejection Method,1.0,49,49
Booth,1.0,1.0,1.0,25,10,Rejection Method,1.0,5,5
Booth,1.0,1.0,1.0,25,10,Rejection Method,1.0,34,34
Booth,1.0,1.0,1.0,25,10,Rejection Method,1.0,10,10
Booth,1.0,1.0,1.0,25,10,Rejection Method,1.0,15,15
Booth,1.0,1.0,1.0,25,10,Rejection Method,1.0,21,21
Booth,1.0,1.0,1.0,25,10,Rejection Method,1.0,5,5
Booth,1.0,1.0,1.0,25,10,Rejection Method,1.0,18,18
Booth,1.0,1.0,1.0,25,10,Rejection Method,1.0,3,3
Booth,1.0,1.0,1.0,25,10,Rejection Method,1.0,20,20
Booth,1.0,1.0,1.0,25,10,Rejection Method,1.0,12,12
Booth,1.0,1.0,1.0,25,10,Rejection Method,1.0,8,8
Booth,1.0,1.0,1.0,25,10,Rejection Method,1.0,22,22
Booth,1.0,1.0,1.0,25,10,Rejection Method,1.0,8,8
Booth,1.0,1.0,1.0,25,10,Rejection Method,1.0,8,8
Booth,1.0,1.0,1.0,25,10,Rejection Method,1.0,6,6
Booth,1.0,1.0,1.0,25,10,Rejection Method,1.0,5,5
Booth,1.0,1.0,1.0,25,10,Rejection Method,1.0,20,20
Booth,1.0,1.0,1.0,25,10,Rejection Method,1.0,36,36
Booth,1.0,1.0,1.0,25,10,Rejection Method,1.0,17,17
Booth,1.0,1.0,1.0,25,10,Rejection Method,1.0,14,14
Booth,1.0,1.0,1.0,25,10,Rejection Method,1.0,9,9
Booth,0.0,1.0,1.0,25,10,Penalty Method,1.0,9,9
Booth,0.0,1.0,1.0,25,10,Penalty Method,0.9999811763820066,26,50
Booth,0.0,1.0,1.0,25,10,Penalty Method,0.9996282335446285,49,50
Booth,0.0,1.0,1.0,25,10,Penalty Method,1.0,14,14
Booth,0.0,1.0,1.0,25,10,Penalty Method,1.0,6,6
Booth,0.0,1.0,1.0,25,10,Penalty Method,1.0,8,8
Booth,0.0,1.0,1.0,25,10,Penalty Method,1.0,19,19
Booth,0.0,1.0,1.0,25,10,Penalty Method,1.0,15,15
Booth,0.0,1.0,1.0,25,10,Penalty Method,1.0,8,8
Booth,0.0,1.0,1.0,25,10,Penalty Method,1.0,13,13
Booth,0.0,1.0,1.0,25,10,Penalty Method,0.9999435291460196,12,50
Booth,0.0,1.0,1.0,25,10,Penalty Method,1.0,6,6
Booth,0.0,1.0,1.0,25,10,Penalty Method,1.0,12,12
Booth,0.0,1.0,1.0,25,10,Penalty Method,1.0,13,13
Booth,0.0,1.0,1.0,25,10,Penalty Method,1.0,10,10
Booth,0.0,1.0,1.0,25,10,Penalty Method,1.0,13,13
Booth,0.0,1.0,1.0,25,10,Penalty Method,1.0,11,11
Booth,0.0,1.0,1.0,25,10,Penalty Method,1.0,11,11
Booth,0.0,1.0,1.0,25,10,Penalty Method,1.0,11,11
Booth,0.0,1.0,1.0,25,10,Penalty Method,1.0,14,14
Booth,0.25,1.0,1.0,25,10,Penalty Method,1.0,16,16
Booth,0.25,1.0,1.0,25,10,Penalty Method,1.0,13,13
Booth,0.25,1.0,1.0,25,10,Penalty Method,1.0,11,11
Booth,0.25,1.0,1.0,25,10,Penalty Method,1.0,11,11
Booth,0.25,1.0,1.0,25,10,Penalty Method,1.0,12,12
Booth,0.25,1.0,1.0,25,10,Penalty Method,1.0,9,9
Booth,0.25,1.0,1.0,25,10,Penalty Method,1.0,8,8
Booth,0.25,1.0,1.0,25,10,Penalty Method,1.0,8,8
Booth,0.25,1.0,1.0,25,10,Penalty Method,1.0,9,9
Booth,0.25,1.0,1.0,25,10,Penalty Method,1.0,12,12
Booth,0.25,1.0,1.0,25,10,Penalty Method,1.0,8,8
Booth,0.25,1.0,1.0,25,10,Penalty Method,1.0,12,12
Booth,0.25,1.0,1.0,25,10,Penalty Method,1.0,9,9
Booth,0.25,1.0,1.0,25,10,Penalty Method,1.0,9,9
Booth,0.25,1.0,1.0,25,10,Penalty Method,1.0,11,11
Booth,0.25,1.0,1.0,25,10,Penalty Method,1.0,10,10
Booth,0.25,1.0,1.0,25,10,Penalty Method,1.0,7,7
Booth,0.25,1.0,1.0,25,10,Penalty Method,1.0,12,12
Booth,0.25,1.0,1.0,25,10,Penalty Method,1.0,11,11
Booth,0.25,1.0,1.0,25,10,Penalty Method,1.0,10,10
Booth,0.5,1.0,1.0,25,10,Penalty Method,1.0,12,12
Booth,0.5,1.0,1.0,25,10,Penalty Method,1.0,9,9
Booth,0.5,1.0,1.0,25,10,Penalty Method,1.0,16,16
Booth,0.5,1.0,1.0,25,10,Penalty Method,1.0,14,14
Booth,0.5,1.0,1.0,25,10,Penalty Method,1.0,4,4
Booth,0.5,1.0,1.0,25,10,Penalty Method,1.0,6,6
Booth,0.5,1.0,1.0,25,10,Penalty Method,1.0,5,5
Booth,0.5,1.0,1.0,25,10,Penalty Method,1.0,12,12
Booth,0.5,1.0,1.0,25,10,Penalty Method,1.0,9,9
Booth,0.5,1.0,1.0,25,10,Penalty Method,1.0,9,9
Booth,0.5,1.0,1.0,25,10,Penalty Method,1.0,6,6
Booth,0.5,1.0,1.0,25,10,Penalty Method,1.0,12,12
Booth,0.5,1.0,1.0,25,10,Penalty Method,1.0,9,9
Booth,0.5,1.0,1.0,25,10,Penalty Method,1.0,1,1
Booth,0.5,1.0,1.0,25,10,Penalty Method,1.0,14,14
Booth,0.5,1.0,1.0,25,10,Penalty Method,1.0,9,9
Booth,0.5,1.0,1.0,25,10,Penalty Method,1.0,8,8
Booth,0.5,1.0,1.0,25,10,Penalty Method,1.0,2,2
Booth,0.5,1.0,1.0,25,10,Penalty Method,1.0,10,10
Booth,0.5,1.0,1.0,25,10,Penalty Method,1.0,9,9
Booth,0.5,1.0,1.0,25,10,Penalty Method,1.0,9,9
Booth,0.5,1.0,1.0,25,10,Penalty Method,1.0,11,11
Booth,0.5,1.0,1.0,25,10,Penalty Method,1.0,7,7
Booth,0.5,1.0,1.0,25,10,Penalty Method,1.0,6,6
Booth,0.5,1.0,1.0,25,10,Penalty Method,1.0,5,5
Booth,0.5,1.0,1.0,25,10,Penalty Method,1.0,7,7
Booth,0.5,1.0,1.0,25,10,Penalty Method,1.0,5,5
Booth,0.5,1.0,1.0,25,10,Penalty Method,1.0,11,11
Booth,0.75,1.0,1.0,25,10,Penalty Method,1.0,8,8
Booth,0.75,1.0,1.0,25,10,Penalty Method,1.0,15,15
Booth,0.75,1.0,1.0,25,10,Penalty Method,1.0,10,10
Booth,0.75,1.0,1.0,25,10,Penalty Method,1.0,12,12
Booth,0.75,1.0,1.0,25,10,Penalty Method,1.0,14,14
Booth,0.75,1.0,1.0,25,10,Penalty Method,1.0,12,12
Booth,0.75,1.0,1.0,25,10,Penalty Method,1.0,11,11
Booth,0.75,1.0,1.0,25,10,Penalty Method,1.0,11,11
Booth,0.75,1.0,1.0,25,10,Penalty Method,1.0,10,10
Booth,0.75,1.0,1.0,25,10,Penalty Method,1.0,8,8
Booth,0.75,1.0,1.0,25,10,Penalty Method,1.0,13,13
Booth,0.75,1.0,1.0,25,10,Penalty Method,1.0,10,10
Booth,0.75,1.0,1.0,25,10,Penalty Method,1.0,10,10
Booth,0.75,1.0,1.0,25,10,Penalty Method,1.0,10,10
Booth,0.75,1.0,1.0,25,10,Penalty Method,1.0,14,14
Booth,0.75,1.0,1.0,25,10,Penalty Method,1.0,11,11
Booth,0.75,1.0,1.0,25,10,Penalty Method,1.0,13,13
Booth,0.75,1.0,1.0,25,10,Penalty Method,1.0,11,11
Booth,0.75,1.0,1.0,25,10,Penalty Method,1.0,12,12
Booth,0.75,1.0,1.0,25,10,Penalty Method,1.0,11,11
Booth,0.75,1.0,1.0,25,10,Penalty Method,1.0,10,10
Booth,0.75,1.0,1.0,25,10,Penalty Method,1.0,14,14
Booth,0.75,1.0,1.0,25,10,Penalty Method,1.0,9,9
Booth,0.75,1.0,1.0,25,10,Penalty Method,1.0,10,10
Booth,0.75,1.0,1.0,25,10,Penalty Method,1.0,9,9
Booth,1.0,1.0,1.0,25,10,Penalty Method,1.0,14,14
Booth,1.0,1.0,1.0,25,10,Penalty Method,1.0,14,14
Booth,1.0,1.0,1.0,25,10,Penalty Method,1.0,15,15
Booth,1.0,1.0,1.0,25,10,Penalty Method,1.0,15,15
Booth,1.0,1.0,1.0,25,10,Penalty Method,1.0,9,9
Booth,1.0,1.0,1.0,25,10,Penalty Method,1.0,20,20
Booth,1.0,1.0,1.0,25,10,Penalty Method,1.0,17,17
Booth,1.0,1.0,1.0,25,10,Penalty Method,1.0,17,17
Booth,1.0,1.0,1.0,25,10,Penalty Method,1.0,11,11
Booth,1.0,1.0,1.0,25,10,Penalty Method,1.0,13,13
Booth,1.0,1.0,1.0,25,10,Penalty Method,1.0,20,20
Booth,1.0,1.0,1.0,25,10,Penalty Method,1.0,16,16
Booth,1.0,1.0,1.0,25,10,Penalty Method,1.0,15,15
Booth,1.0,1.0,1.0,25,10,Penalty Method,1.0,23,23
Booth,1.0,1.0,1.0,25,10,Penalty Method,1.0,6,6
Booth,1.0,1.0,1.0,25,10,Penalty Method,1.0,13,13
Booth,1.0,1.0,1.0,25,10,Penalty Method,1.0,9,9
Booth,1.0,1.0,1.0,25,10,Penalty Method,1.0,28,28
Booth,1.0,1.0,1.0,25,10,Penalty Method,1.0,25,25
Booth,1.0,1.0,1.0,25,10,Penalty Method,1.0,13,13
Booth,0.5,1.0,1.0,25,1,Penalty Method,0.9987152880719441,43,50
Booth,0.5,1.0,1.0,25,1,Penalty Method,0.9999811763820066,48,50
Booth,0.5,1.0,1.0,25,1,Penalty Method,0.9974588115708781,50,50
Booth,0.5,1.0,1.0,25,1,Penalty Method,0.9989129360608756,25,50
Booth,0.5,1.0,1.0,25,1,Penalty Method,0.9998117638200652,50,50
Booth,0.5,1.0,1.0,25,1,Penalty Method,0.9995058800276708,38,50
Booth,0.5,1.0,1.0,25,1,Penalty Method,0.9999435291460196,42,50
Booth,0.5,1.0,1.0,25,1,Penalty Method,1.0,43,43
Booth,0.5,1.0,1.0,25,1,Penalty Method,0.9961458642158318,49,50
Booth,0.5,1.0,1.0,25,1,Penalty Method,0.9995482331681563,50,50
Booth,0.5,1.0,1.0,25,1,Penalty Method,0.9990964663363123,50,50
Booth,0.5,1.0,1.0,25,1,Penalty Method,0.9997317634435928,36,50
Booth,0.5,1.0,1.0,25,1,Penalty Method,0.9984988164650188,46,50
Booth,0.5,1.0,1.0,25,1,Penalty Method,0.9884046513160063,50,50
Booth,0.5,1.0,1.0,25,1,Penalty Method,0.9999811763820066,36,50
Booth,0.5,1.0,1.0,25,1,Penalty Method,1.0,20,20
Booth,0.5,1.0,1.0,25,1,Penalty Method,0.998978818723853,15,50
Booth,0.5,1.0,1.0,25,1,Penalty Method,0.9995482331681563,34,50
Booth,0.5,1.0,1.0,25,1,Penalty Method,0.9999105878145311,36,50
Booth,0.5,1.0,1.0,25,1,Penalty Method,0.9984988164650188,50,50
Booth,0.5,1.0,1.0,25,5,Penalty Method,1.0,7,7
Booth,0.5,1.0,1.0,25,5,Penalty Method,1.0,7,7
Booth,0.5,1.0,1.0,25,5,Penalty Method,1.0,23,23
Booth,0.5,1.0,1.0,25,5,Penalty Method,1.0,9,9
Booth,0.5,1.0,1.0,25,5,Penalty Method,1.0,12,12
Booth,0.5,1.0,1.0,25,5,Penalty Method,1.0,18,18
Booth,0.5,1.0,1.0,25,5,Penalty Method,1.0,14,14
Booth,0.5,1.0,1.0,25,5,Penalty Method,1.0,19,19
Booth,0.5,1.0,1.0,25,5,Penalty Method,1.0,15,15
Booth,0.5,1.0,1.0,25,5,Penalty Method,1.0,8,8
Booth,0.5,1.0,1.0,25,15,Penalty Method,1.0,5,5
Booth,0.5,1.0,1.0,25,15,Penalty Method,1.0,10,10
Booth,0.5,1.0,1.0,25,15,Penalty Method,1.0,6,6
Booth,0.5,1.0,1.0,25,15,Penalty Method,1.0,11,11
Booth,0.5,1.0,1.0,25,15,Penalty Method,1.0,9,9
Booth,0.5,1.0,1.0,25,15,Penalty Method,1.0,5,5
Booth,0.5,1.0,1.0,25,15,Penalty Method,1.0,8,8
Booth,0.5,1.0,1.0,25,15,Penalty Method,1.0,7,7
Booth,0.5,1.0,1.0,25,15,Penalty Method,1.0,5,5
Booth,0.5,1.0,1.0,25,15,Penalty Method,1.0,8,8
Booth,0.5,1.0,1.0,25,15,Penalty Method,1.0,6,6
Booth,0.5,1.0,1.0,25,15,Penalty Method,1.0,10,10
Booth,0.5,1.0,1.0,25,15,Penalty Method,1.0,9,9
Booth,0.5,1.0,1.0,25,15,Penalty Method,1.0,8,8
Booth,0.5,1.0,1.0,25,20,Penalty Method,1.0,9,9
Booth,0.5,1.0,1.0,25,20,Penalty Method,1.0,10,10
Booth,0.5,1.0,1.0,25,20,Penalty Method,1.0,9,9
Booth,0.5,1.0,1.0,25,20,Penalty Method,1.0,8,8
Booth,0.5,1.0,1.0,25,20,Penalty Method,1.0,9,9
Booth,0.5,1.0,1.0,25,20,Penalty Method,1.0,11,11
Booth,0.5,1.0,1.0,25,20,Penalty Method,1.0,7,7
Booth,0.5,1.0,1.0,25,20,Penalty Method,1.0,8,8
Booth,0.5,1.0,1.0,25,20,Penalty Method,1.0,5,5
Booth,0.5,1.0,1.0,25,20,Penalty Method,1.0,6,6
Booth,0.5,1.0,1.0,25,20,Penalty Method,1.0,8,8
Booth,0.5,1.0,1.0,25,20,Penalty Method,1.0,9,9
Booth,0.5,1.0,1.0,25,20,Penalty Method,1.0,8,8
Booth,0.5,1.0,1.0,25,20,Penalty Method,1.0,7,7
Booth,0.5,1.0,1.0,25,20,Penalty Method,1.0,9,9
Booth,0.5,1.0,1.0,25,20,Penalty Method,1.0,8,8
Booth,0.5,1.0,1.0,25,20,Penalty Method,1.0,6,6
Booth,0.5,1.0,1.0,25,20,Penalty Method,1.0,10,10
Booth,0.5,1.0,1.0,25,20,Penalty Method,1.0,7,7
Booth,0.5,1.0,1.0,25,20,Penalty Method,1.0,8,8
Booth,0.5,1.0,1.0,25,5,Penalty Method,1.0,8,8
Booth,0.5,1.0,1.0,25,5,Penalty Method,1.0,10,10
Booth,0.5,1.0,1.0,25,5,Penalty Method,1.0,7,7
Booth,0.5,1.0,1.0,25,5,Penalty Method,1.0,13,13
Booth,0.5,1.0,1.0,25,5,Penalty Method,1.0,29,29
Booth,0.5,1.0,1.0,25,5,Penalty Method,1.0,35,35
Booth,0.5,1.0,1.0,25,5,Penalty Method,1.0,7,7
Booth,0.5,1.0,1.0,25,5,Penalty Method,1.0,17,17
Booth,0.5,1.0,1.0,25,5,Penalty Method,1.0,7,7
Booth,0.5,1.0,1.0,25,1,Rejection Method,0.9995482331681563,41,50
Booth,0.5,1.0,1.0,25,1,Rejection Method,0.9930399672469047,44,50
Booth,0.5,1.0,1.0,25,1,Rejection Method,1.0,4,4
Booth,0.5,1.0,1.0,25,1,Rejection Method,0.9749975294001385,46,50
Booth,0.5,1.0,1.0,25,1,Rejection Method,0.9892705377437071,50,50
Booth,0.5,1.0,1.0,25,1,Rejection Method,1.0,29,29
Booth,0.5,1.0,1.0,25,1,Rejection Method,0.9998164697245635,38,50
Booth,0.5,1.0,1.0,25,1,Rejection Method,1.0,33,33
Booth,0.5,1.0,1.0,25,1,Rejection Method,0.9999576468595148,36,50
Booth,0.5,1.0,1.0,25,1,Rejection Method,0.9996611748761172,37,50
Booth,0.5,1.0,1.0,25,1,Rejection Method,0.9984988164650188,21,50
Booth,0.5,1.0,1.0,25,1,Rejection Method,0.999985882286505,20,50
Booth,0.5,1.0,1.0,25,1,Rejection Method,0.999985882286505,20,50
Booth,0.5,1.0,1.0,25,1,Rejection Method,0.9995482331681563,30,50
Booth,0.5,1.0,1.0,25,1,Rejection Method,0.9920517273022462,50,50
Booth,0.5,1.0,1.0,25,1,Rejection Method,0.999759998870583,46,50
Booth,0.5,1.0,1.0,25,1,Rejection Method,0.9948423286697822,42,50
Booth,0.5,1.0,1.0,25,1,Rejection Method,0.9999105878145311,42,50
Booth,0.5,1.0,1.0,25,1,Rejection Method,0.9996282335446285,29,50
Booth,0.5,1.0,1.0,25,1,Rejection Method,0.9999435291460196,27,50
Booth,0.5,1.0,1.0,25,5,Rejection Method,1.0,14,14
Booth,0.5,1.0,1.0,25,5,Rejection Method,0.9990399954823317,24,50
Booth,0.5,1.0,1.0,25,5,Rejection Method,0.999204702139775,22,50
Booth,0.5,1.0,1.0,25,5,Rejection Method,1.0,12,12
Booth,0.5,1.0,1.0,25,5,Rejection Method,0.9995058800276708,21,50
Booth,0.5,1.0,1.0,25,5,Rejection Method,1.0,8,8
Booth,0.5,1.0,1.0,25,5,Rejection Method,1.0,22,22
Booth,0.5,1.0,1.0,25,5,Rejection Method,1.0,8,8
Booth,0.5,1.0,1.0,25,5,Rejection Method,0.9979670492567025,40,50
Booth,0.5,1.0,1.0,25,5,Rejection Method,0.9996564689716189,19,50
Booth,0.5,1.0,1.0,25,5,Rejection Method,0.9999576468595148,23,50
Booth,0.5,1.0,1.0,25,5,Rejection Method,1.0,16,16
Booth,0.5,1.0,1.0,25,5,Rejection Method,0.9999576468595148,23,50
Booth,0.5,1.0,1.0,25,5,Rejection Method,1.0,11,11
Booth,0.5,1.0,1.0,25,5,Rejection Method,1.0,11,11
Booth,0.5,1.0,1.0,25,5,Rejection Method,1.0,11,11
Booth,0.5,1.0,1.0,25,5,Rejection Method,1.0,10,10
Booth,0.5,1.0,1.0,25,5,Rejection Method,1.0,12,12
Booth,0.5,1.0,1.0,25,5,Rejection Method,0.9982635212401001,19,50
Booth,0.5,1.0,1.0,25,5,Rejection Method,1.0,17,17
Booth,0.5,1.0,1.0,25,15,Rejection Method,1.0,11,11
Booth,0.5,1.0,1.0,25,15,Rejection Method,1.0,9,9
Booth,0.5,1.0,1.0,25,15,Rejection Method,1.0,9,9
Booth,0.5,1.0,1.0,25,15,Rejection Method,1.0,7,7
Booth,0.5,1.0,1.0,25,15,Rejection Method,1.0,9,9
Booth,0.5,1.0,1.0,25,15,Rejection Method,1.0,12,12
Booth,0.5,1.0,1.0,25,15,Rejection Method,1.0,6,6
Booth,0.5,1.0,1.0,25,15,Rejection Method,1.0,15,15
Booth,0.5,1.0,1.0,25,15,Rejection Method,1.0,8,8
Booth,0.5,1.0,1.0,25,15,Rejection Method,1.0,5,5
Booth,0.5,1.0,1.0,25,15,Rejection Method,1.0,6,6
Booth,0.5,1.0,1.0,25,15,Rejection Method,1.0,7,7
Booth,0.5,1.0,1.0,25,15,Rejection Method,0.9999811763820066,17,50
Booth,0.5,1.0,1.0,25,15,Rejection Method,1.0,9,9
Booth,0.5,1.0,1.0,25,15,Rejection Method,1.0,10,10
Booth,0.5,1.0,1.0,25,15,Rejection Method,1.0,9,9
Booth,0.5,1.0,1.0,25,15,Rejection Method,1.0,6,6
Booth,0.5,1.0,1.0,25,15,Rejection Method,1.0,11,11
Booth,0.5,1.0,1.0,25,20,Rejection Method,1.0,10,10
Booth,0.5,1.0,1.0,25,20,Rejection Method,1.0,3,3
Booth,0.5,1.0,1.0,25,20,Rejection Method,1.0,13,13
Booth,0.5,1.0,1.0,25,20,Rejection Method,1.0,8,8
Booth,0.5,1.0,1.0,25,20,Rejection Method,1.0,9,9
Booth,0.5,1.0,1.0,25,20,Rejection Method,1.0,6,6
Booth,0.5,1.0,1.0,25,20,Rejection Method,1.0,8,8
Booth,0.5,1.0,1.0,25,20,Rejection Method,1.0,8,8
Booth,0.5,1.0,1.0,25,20,Rejection Method,1.0,10,10
Booth,0.5,1.0,1.0,25,20,Rejection Method,1.0,8,8
Booth,0.5,1.0,1.0,25,20,Rejection Method,1.0,8,8
Booth,0.5,1.0,1.0,25,20,Rejection Method,1.0,6,6
Booth,0.5,1.0,1.0,25,20,Rejection Method,1.0,7,7
Booth,0.5,1.0,1.0,25,20,Rejection Method,1.0,8,8
Booth,0.5,1.0,1.0,25,20,Rejection Method,1.0,12,12
Booth,0.5,1.0,1.0,25,20,Rejection Method,1.0,13,13
Booth,0.5,1.0,1.0,25,20,Rejection Method,1.0,10,10
Booth,0.5,1.0,1.0,25,20,Rejection Method,1.0,9,9
Booth,0.5,1.0,1.0,25,20,Rejection Method,1.0,5,5
